Date,python,pretty print,python script,array javascript,async,node,formatter,get request,machine learning,append to,zoro,command not found,test code,post request,mtf,coroutine,software developer,female anime,car gif,iterate,unwilling,vasc,on data,gurucul,psql,blended learning,to uppercase,polyester,medical policy,cataract,population health,string javascript,no module named,small women,long text,unexpected token,collagen,single sign,pole barn,text line,gif,diff file,tuple,google listing,saml,loop javascript,single sign on,tuples,silk sarees,rodan &amp; fields,stl file,glycinate,packaged,concentrates,back end,comma separated,test meaning,subarray,regular font,dowel,male fashion,kanban,computer gif,hp switch,adaptive cruise control,the goodwill,gifd,intellij,house interior,class method,air brake,anime demon,small,abrasion,print all,lore,distance to,lvt,mannose,front end,read receipts,hipaa compliant,a service,width,tell me about,using data,hydraulic cylinder,softheon,gifs,complication,address and phone number,open data,male anime,state failure,fet,best computer science,anthro,leadership principles,audience manager,nootropic
01/01/2004,0.481,-0.202,-0.04,-0.008,0.321,-0.83,-0.038,-0.005,0.216,-0.461,-0.559,-0.201,-0.102,-0.12,-0.234,0.304,0.63,0.285,0.447,-0.944,-0.341,-0.41,-0.179,-0.506,-0.299,-0.141,0.366,0.112,-0.445,-0.239,-0.585,0.039,-0.098,0.107,-0.275,-0.867,0.189,-0.591,-0.285,-0.51,-0.251,0.704,-0.882,0.207,-0.353,-0.284,-0.564,-0.759,0.094,0.128,-0.43,-0.733,0.067,-0.193,-0.809,0.043,-0.209,-0.63,0.111,0.297,0.677,-0.397,1.262,-0.425,-0.619,0.102,-0.201,0.414,0.006,-0.635,0.519,0.176,0.137,-1.185,-0.648,0.259,0.613,-0.788,-0.781,0.069,-0.607,-0.349,-0.653,-0.831,0.749,-0.688,-0.22,-0.668,0.794,-0.369,-0.451,-0.438,-0.264,0.89,-0.162,0.189,-0.199,0.13,-0.582,-0.328
02/01/2004,0.122,0.322,-0.027,-0.025,0.128,-0.274,0.073,0.553,0.457,-0.024,-0.817,0.388,0.548,-0.223,-0.138,0.122,0.457,0.499,0.28,-0.472,-0.434,-0.575,0.531,-0.506,0.338,-0.145,0.729,-0.03,0.335,-0.021,-0.267,0.521,-0.569,-0.606,-0.018,0.038,0.457,-0.046,-0.354,-0.19,-0.207,1.046,0.039,-0.359,0.528,0.069,0.006,0.391,-0.049,0.224,-0.584,0.37,0.356,-0.567,0.157,0.459,0.025,0.408,0.135,0.526,0.379,0.065,1.173,0.007,0.247,1.042,0.04,1.201,-0.042,1.333,-0.418,0.097,-0.144,-0.29,-0.212,-0.021,-0.308,-0.311,0.312,0.139,-0.459,0,-0.346,-0.493,1.102,-0.39,0.349,-0.668,0.73,-0.73,-0.519,-0.29,-0.183,0.675,-0.078,0.32,-0.187,-0.261,-0.582,-0.424
03/01/2004,0.013,0.231,0.258,0.259,0.51,-0.097,0.323,0.219,0.268,0.039,-0.86,-0.122,0.603,0.475,-0.764,0.703,0.58,0.257,-0.065,-0.588,-0.385,-0.017,0.102,-0.506,0.237,-0.616,0.667,0.397,-0.282,0.05,-0.708,0.511,-0.415,-0.55,0.185,-0.313,0.254,-0.396,0.139,-0.42,-0.243,0.663,-0.057,-0.113,0.633,0.82,-0.341,-0.366,-0.656,0.787,-0.474,-0.212,-0.055,-0.154,-0.413,0.109,0.542,-0.26,0.521,0.434,0.663,-0.103,0.398,0.018,-0.379,0.259,-0.121,0.898,0.171,-0.216,-0.184,-0.266,0.1,0.375,-0.215,0.04,-0.389,-0.368,0.082,0.792,-0.195,0.172,-0.541,-0.472,1.206,-0.203,-0.164,-0.668,0.742,-0.689,-0.631,-0.236,-0.835,-0.479,0.021,1.008,-0.463,-0.802,-0.582,-0.635
04/01/2004,0.089,0.222,-0.024,-0.262,0.256,-0.237,-0.216,0.248,0.332,0.258,-0.877,-0.089,0.907,0.735,-0.576,0.192,0.327,0.208,0.162,-0.379,-0.198,-0.248,0.412,-0.506,0.964,-0.089,-0.297,0.443,-0.465,0.271,-0.56,0.483,-0.816,0.417,-0.396,-0.356,0.359,-0.15,0.291,-0.346,-0.257,0.765,-0.311,-0.235,0.076,-0.58,-0.183,-0.06,0.213,0.574,-0.149,-0.178,-0.015,-0.173,-0.505,0.234,0.531,-0.418,0.166,0.198,0.187,0.463,0.695,-0.146,0.131,-0.657,-0.027,0.891,0.044,-0.23,0.028,-0.408,0.128,-0.183,-0.422,0.171,-0.424,-0.476,0.096,0.406,-0.258,-0.311,-0.387,-0.411,0.947,-0.304,0.487,-0.668,0.632,-0.06,-0.635,-0.385,-0.26,-0.059,0.117,0.977,-0.181,0.16,-0.582,-0.427
05/01/2004,0.051,-0.071,0.014,0.011,0.181,-0.39,-0.348,0.346,-0.065,-0.495,-0.876,-0.381,-0.281,0.227,-0.612,1.295,0.188,0.311,0.143,-0.701,-0.529,-0.193,-0.113,-0.506,-0.24,-0.256,-0.294,0.187,-0.681,-0.329,-0.528,0.133,-0.645,0.088,-0.838,-0.315,0.223,-0.301,-0.179,-0.648,-0.335,-0.068,-0.358,-0.392,0.157,-0.068,-0.233,0.002,-0.417,0.07,-0.433,-0.163,0.038,-0.344,-0.403,-0.074,0.448,-0.74,-0.405,-0.15,0.234,-0.18,0.514,-0.958,-0.46,0.333,-0.53,0.464,0.223,0.342,-1.121,-0.956,0.004,-0.226,-0.628,-0.147,-0.512,-0.385,0.32,0.473,-0.443,-0.276,-0.625,-0.673,0.882,-0.449,-0.242,-0.668,0.524,-0.529,-0.293,-0.491,0.256,-0.201,-0.046,0.045,-0.436,-0.776,-0.582,-0.7
06/01/2004,0.059,0.318,-0.093,-0.01,0.471,-0.118,0.273,0.211,-0.163,0.237,-0.83,-0.396,-0.209,0.406,-0.242,-0.235,0.462,-0.009,-0.339,-0.035,-0.326,-0.377,-0.147,-0.506,0.15,-0.522,0.843,0.247,-0.39,0.241,-0.453,0.931,-0.786,-0.18,0.117,-0.18,0.071,0.42,0.257,-0.147,-0.361,0.818,-0.501,-0.054,0.427,0.631,0.491,-0.358,-0.287,0.715,0.247,-0.21,0.773,-0.174,-0.292,0.116,-0.113,-0.151,-0.082,0.689,0.156,-0.036,0.607,-0.537,-0.678,-0.179,-0.471,0.7,-0.152,0.16,-0.535,-0.658,0.192,-0.451,-0.582,0.147,-0.448,-0.164,-0.647,0.925,-0.333,0.088,0.105,-0.46,-0.131,-0.295,0.275,-0.668,0.203,-0.586,-0.227,-0.281,-0.1,-0.097,-0.093,-0.597,-0.12,0.311,-0.582,-0.541
07/01/2004,0.057,0.293,-0.362,0.028,0.429,-0.296,-0.016,-0.403,-0.274,-0.516,-0.642,0.259,0.584,-0.301,-0.238,0.327,0.401,0.346,-0.223,0.482,-0.153,-0.205,-0.419,-0.506,0.006,-0.503,-0.008,0.332,-0.553,0.133,-0.686,0.497,-0.703,0.667,0.094,0.12,-0.088,0.463,0.414,-0.339,-0.357,-0.561,-0.667,-0.021,0.335,0.383,0.479,-0.291,0.286,-0.186,-0.339,-0.071,-0.218,-0.624,0.641,0.175,-0.004,-0.422,-0.095,-0.088,0.006,-0.356,0.555,-0.698,1.247,-0.097,-0.413,0.543,0.018,0.786,-0.594,-0.693,0.307,-0.652,-0.503,-0.14,-0.643,-0.328,-0.153,0.673,-0.376,-0.163,-0.272,-0.492,-0.506,-0.481,-0.282,-0.668,0.187,-0.456,-0.719,-0.298,0.075,-0.066,-0.233,-0.211,-0.402,0.191,-0.582,-0.488
08/01/2004,-0.06,0.101,-0.26,-0.304,0.279,-0.079,0.254,0.462,-0.339,0.479,-0.814,-0.002,-0.126,0.158,-0.409,-0.115,0.305,-0.259,-0.138,0.24,-0.371,-0.75,-0.708,-0.506,0.833,-0.349,0.369,0.194,-0.145,0.054,-0.35,0.263,-0.847,0.723,-0.169,-0.449,-0.092,0.382,0.519,-0.557,-0.368,0.672,-0.71,-0.388,0.014,0.245,0.484,-0.727,0.294,-0.097,-0.464,-0.179,0.668,-0.442,-0.061,0.478,-0.041,-0.45,0.395,0.356,-0.34,0.103,0.493,-0.043,0.311,0.084,-0.562,1.029,-0.71,0.652,-1.103,-0.552,0.15,-0.25,-0.106,0.16,-0.564,-0.324,-0.677,1.01,-0.076,-0.012,0.008,-0.294,-0.389,-0.465,0.97,-0.668,0.081,-0.4,-0.545,-0.425,-0.002,-0.596,-0.109,0.459,-0.22,-0.163,-0.582,-0.768
09/01/2004,-0.046,0.015,-0.111,0.018,0.071,0.03,-0.172,-0.033,0.018,-0.046,-0.842,0.233,1.021,-0.077,-0.181,-0.234,-0.163,-0.355,-0.134,-0.247,-0.455,-0.259,0.091,-0.506,0.212,-0.411,0.858,0.065,-0.538,-0.101,-0.511,0.437,-0.795,-0.239,0.042,0.011,0.477,0.042,0.066,-0.423,-0.366,-0.661,-0.324,0.796,0.066,0.3,0.129,0.453,-0.329,0.303,-0.083,-0.07,0.265,-0.382,0.087,0.398,-0.471,0.018,0.233,0.422,0.055,-0.187,0.608,-0.322,-0.29,-0.466,-0.327,0.489,0.081,0.192,-0.528,-0.386,-0.092,-0.376,-0.236,-0.037,-0.35,-0.577,0.281,0.427,-0.253,-0.108,-0.386,-0.077,0.302,-0.36,-0.044,-0.668,0.132,-0.524,-0.784,-0.509,-0.332,0.031,-0.167,0.514,-0.238,0.011,-0.582,-0.443
10/01/2004,-0.057,-0.011,-0.152,-0.365,0.02,-0.201,-0.402,-0.109,-0.14,-0.335,-0.283,-0.189,0.366,-0.427,-0.309,0.035,-0.157,-0.173,-0.232,-0.113,-0.094,-0.602,-0.014,-0.506,0.005,-0.458,0.326,0.404,-0.394,-0.483,-0.459,0.08,-0.697,-0.6,0.124,-0.134,0.336,-0.16,-0.003,-0.556,-0.389,-0.073,0.2,-0.115,-0.797,0.237,-0.154,0.527,0.56,-0.027,-0.196,-0.534,-0.3,-0.367,-0.355,-0.1,-0.286,-0.242,-0.056,0.006,-0.043,-0.251,0.063,-1.054,-0.24,-0.016,-0.314,0.264,-0.403,0.155,0.03,-0.584,-0.143,-0.408,-0.233,-0.212,-0.531,-0.635,0.367,0.088,-0.473,-0.135,-0.465,-0.507,0.601,-0.499,0.157,-0.668,0.182,0.052,-0.959,-0.528,-0.249,-0.14,-0.303,0.275,-0.057,0.021,-0.582,-0.557
11/01/2004,-0.377,-0.286,-0.257,-0.359,-0.289,-0.268,-0.508,-0.061,-0.077,-0.143,-0.843,-0.342,0.635,-0.806,-0.183,-1.693,-0.341,0.172,-0.409,-0.268,-0.395,-0.612,-0.286,-0.506,-0.362,-0.614,-0.263,0.215,-0.365,-0.373,-0.539,-0.227,-0.95,0.178,-0.109,-0.397,-0.235,-0.667,-0.263,-0.661,-0.396,0.62,-0.345,-0.41,-0.25,0.015,-0.635,-0.019,-0.119,0.057,-0.214,-0.454,-0.301,-0.357,-0.6,-0.682,-0.232,-0.379,-0.454,-0.008,-0.143,-0.397,0.005,-0.03,-0.436,-0.39,-0.552,-0.004,-0.232,-0.036,-1.082,-0.452,-0.231,-0.451,-0.526,-0.389,-0.675,-0.602,-0.194,-0.203,-0.537,-0.437,-0.768,-0.756,0.491,-0.371,-0.073,-0.668,0.17,0.059,-0.732,-0.777,-0.484,-0.224,-0.377,-0.093,-0.257,0.136,-0.582,-0.49
12/01/2004,-0.093,-0.412,-0.183,-0.372,-0.229,-0.549,-0.491,-0.409,-0.14,-0.385,-0.762,-0.647,-0.413,-0.433,-0.135,0.136,-0.384,-0.015,-0.277,-1.053,-0.531,-0.657,-0.697,-0.506,-0.264,-0.639,-0.704,-0.067,-0.839,-0.763,-0.632,0.168,-0.752,-0.016,-0.489,-0.512,-0.5,-0.972,-0.683,-0.774,-0.383,-0.003,-0.728,-0.067,-1.084,0.973,-0.981,-0.355,-0.342,-0.022,-0.382,-0.854,-0.968,-0.637,-0.656,-0.333,-0.586,-0.54,-0.464,-0.094,-0.138,-0.783,-0.042,-0.376,-0.929,-0.721,-0.452,-0.182,-0.731,-1.251,-0.617,-0.752,-0.451,-0.742,-0.726,-0.07,-0.792,-0.486,-0.715,0.091,-0.501,-0.514,-0.781,-0.96,-0.086,-0.656,-0.777,-0.668,0.261,-0.399,-0.422,-0.639,-0.324,-0.048,-0.437,-0.629,-0.002,-0.243,-0.582,-0.671
01/01/2005,-0.249,-0.421,-0.278,-0.142,-0.148,-0.533,-0.459,-0.144,-0.155,-0.627,-0.776,-0.391,-0.771,-1.034,-0.202,-0.517,-0.132,-0.219,-0.295,-0.903,-0.176,-0.557,-0.605,-0.506,0.008,-0.58,-0.572,0.083,-0.031,-0.195,-0.566,-0.345,-0.618,-0.179,-0.029,-0.53,-0.036,-0.33,0.035,-0.424,-0.478,-0.206,-0.823,0.535,-0.349,-0.231,-0.28,-0.827,-0.547,-0.191,-0.468,-0.334,0.117,-0.244,-0.491,-0.02,-0.504,-0.947,-0.387,0.847,-0.117,-0.633,0.044,0.065,-0.518,0.13,-0.264,0.032,-0.24,-0.849,-0.368,-0.551,0.026,0.185,-0.529,-0.324,-0.446,-0.416,-0.401,-0.013,-0.31,-0.31,-0.524,-0.748,0.318,-0.73,-0.271,-0.668,-0.159,-0.4,-0.476,-0.684,-0.556,-0.203,-0.324,-0.637,-0.169,-0.531,-0.582,-0.63
02/01/2005,-0.069,-0.228,-0.321,-0.244,0.023,0.043,-0.32,-0.748,-0.139,-0.359,-0.802,-0.332,-0.173,-0.617,-0.196,-0.045,-0.188,-0.097,-0.254,-0.51,-0.611,-0.695,0.137,-0.506,-0.292,-0.448,0.022,0.243,0.172,-0.495,-0.257,0.238,-1.118,-0.163,-0.356,-0.37,-0.035,0.176,-0.03,-0.601,-0.469,0.147,-0.271,0.242,0.645,-0.314,0.227,0.253,-0.327,-0.484,-0.283,-0.524,0.053,-0.163,-0.431,-0.254,-0.837,-0.007,-0.204,-0.078,0.005,-0.346,0.275,-0.074,-0.272,0.194,-0.704,0.104,-0.441,0.202,0.173,-0.236,-0.254,0.662,-0.562,-0.416,-0.508,-0.503,0.868,-0.004,-0.373,-0.274,-0.509,-0.395,0.557,-0.488,0.219,-0.668,-0.157,-0.179,-0.489,-0.543,-0.512,0.1,-0.139,-0.163,-0.411,-0.479,-0.582,-0.426
03/01/2005,0.055,-0.321,-0.352,-0.029,0.116,0.013,-0.465,-0.688,-0.049,-0.131,-0.695,-0.508,-0.025,-0.761,-0.229,-0.46,-0.016,-0.295,-0.018,-0.33,-0.423,-0.533,-0.232,-0.506,-0.043,-0.452,0.109,-0.014,-0.42,-0.173,-0.573,0.152,-0.646,-0.045,-0.328,-0.235,-0.184,-0.194,0.225,-0.446,-0.479,0.56,-0.56,0.722,0.117,0.589,-0.177,-0.302,-0.523,-0.005,-0.026,-0.711,0.3,-0.438,-0.114,-0.216,-0.459,0.304,0.022,0.689,-0.399,-0.455,0.194,-0.058,-0.436,0,-0.5,-0.037,0.051,-0.695,-0.181,-0.731,-0.241,0.446,-0.449,-0.112,-0.514,-0.367,0.517,0.128,-0.409,0.023,-0.599,-0.387,0.413,-0.409,-0.283,-0.668,-0.164,-0.046,-0.509,-0.516,-0.308,-0.393,-0.285,0.34,-0.192,0.319,-0.582,-0.517
04/01/2005,-0.208,-0.518,-0.512,-0.236,-0.556,-0.139,-0.499,-0.464,-0.256,-0.009,-0.761,-1.021,-0.756,-0.62,-0.288,-0.648,-0.32,-0.066,-0.075,-0.712,-0.447,-0.633,-0.349,-0.506,-0.215,-0.37,-0.371,-0.002,-0.344,0.102,-0.429,-0.159,-0.76,-0.37,0.065,-0.419,-0.178,-0.65,-0.054,-0.492,-0.497,-0.282,-0.584,0.014,-0.129,0.583,-0.641,-0.125,-0.785,-0.17,-0.664,-0.423,-0.223,-0.548,-0.47,-0.378,-0.356,-0.362,0.181,-0.368,-0.2,-0.364,-0.438,-0.098,-0.725,-0.166,-0.291,-0.377,-0.314,-0.47,-0.53,-0.266,-0.118,0.015,-0.738,0.25,-0.312,-0.683,-0.232,0.102,-0.632,-0.094,-0.809,-0.356,0.514,-0.494,-0.646,-0.668,-0.203,-0.073,-0.134,-0.406,-0.241,-0.364,-0.289,-0.302,-0.329,0.729,-0.582,-0.497
05/01/2005,0.067,-0.332,-0.074,-0.192,-0.235,-0.202,-0.303,-0.248,-0.28,-0.17,-0.485,-0.599,-0.473,-0.362,-0.083,-0.257,-0.186,-0.327,-0.241,-0.414,-0.266,-0.36,-0.626,-0.506,-0.254,-0.611,-0.709,-0.372,-0.524,0.189,-0.668,0.067,-0.844,-0.216,-0.303,-0.598,-0.305,-0.015,-0.088,-0.487,-0.493,0.255,-0.78,-0.072,0.304,0.613,0.072,-0.1,-0.458,0.043,-0.459,-0.787,-0.621,-0.507,-0.427,-0.53,-0.328,-0.673,-0.561,-0.164,-0.177,-0.297,-0.283,-0.059,-0.673,-0.159,-0.416,-0.117,-0.209,-0.552,-0.184,-0.429,-0.209,0.064,-0.67,-0.115,-0.444,-0.4,-0.208,-0.061,-0.279,-0.278,-0.468,-0.57,0.387,-0.679,-0.12,-0.668,-0.218,-0.357,-0.303,-0.564,-0.315,-0.313,0.089,-0.403,-0.184,-0.044,-0.582,-0.357
06/01/2005,0.006,-0.057,-0.094,-0.327,0.137,-0.129,-0.28,-0.063,-0.499,0.153,-0.471,-0.427,-0.357,-0.041,0.037,-0.451,0.002,0.051,-0.551,0.026,-0.274,-0.157,-0.498,-0.506,0.255,-0.647,-0.505,-0.429,0.03,0.009,-0.39,0.186,-0.389,0.015,-0.008,-0.273,-0.289,-0.112,-0.119,-0.507,-0.506,0.651,-0.778,0.665,0.242,0.201,-0.068,-0.559,-1.089,-0.319,-0.304,-0.842,0.221,-0.569,0.256,0.441,-0.921,-0.413,0.234,-0.423,-0.279,-0.196,-0.412,-0.264,-0.753,-0.203,-0.286,0.019,-0.215,0.126,-0.925,-0.127,-0.133,0.466,-0.238,-0.259,-0.506,-0.403,-0.588,0.103,-0.364,0.091,-0.311,-0.454,-0.19,-0.433,-0.056,-0.668,-0.327,-0.348,-0.24,-0.461,-0.299,-0.615,-0.226,-0.158,-0.009,-0.374,-0.582,-0.75
07/01/2005,-0.367,-0.529,-0.324,-0.246,-0.14,-0.423,-0.667,-0.325,-0.657,-0.388,-0.408,-0.506,-1.066,-0.357,0.106,-0.433,-0.325,-0.233,-0.532,-0.326,-0.196,-0.357,-0.834,-0.506,0.011,-0.655,-0.436,-0.531,-0.396,0.28,-0.667,0.083,0.049,0.264,-0.18,-0.068,-0.298,-0.06,0.167,-0.476,-0.501,0.479,-0.828,-0.135,-0.354,-0.732,-0.07,-0.683,-0.163,-0.293,-0.637,-0.638,-0.125,-0.468,-0.618,-0.005,-0.59,-0.445,-0.744,-0.025,-0.216,-0.58,-0.03,-1.073,-0.84,-0.162,-0.584,0.022,-0.293,-0.401,-0.946,-0.282,-0.056,-0.116,-0.724,0.09,-0.47,-0.358,-0.493,0.079,-0.361,-0.423,-0.701,-0.768,-0.285,-0.632,-0.203,-0.668,-0.303,-0.603,-0.466,-0.686,-0.161,-0.813,-0.612,-0.688,-0.269,-0.166,-0.582,-0.704
08/01/2005,-0.415,-0.101,-0.458,-0.253,-0.256,-0.382,-0.364,-0.192,-0.642,-0.103,-0.451,-0.573,-0.633,-0.45,0.301,-0.55,-0.285,-0.511,-0.377,-0.105,-0.706,-0.431,-0.731,-0.506,-0.335,-0.53,-0.603,-0.613,0.379,0.245,-0.711,0.427,-0.575,0.21,-0.332,-0.315,-0.24,-0.342,0.151,-0.72,-0.497,-0.519,-0.814,-0.007,0.236,0.178,-0.337,-1.338,-0.559,-0.421,-0.928,-0.68,-0.526,-0.796,-0.169,0.012,-0.712,-0.593,0.301,0.114,-0.527,-0.466,-0.39,-0.072,-0.926,-0.169,-0.301,0.448,-0.368,-0.603,-0.42,-0.17,-0.14,-0.154,-0.403,-0.306,-0.48,-0.596,-0.786,-0.165,-0.445,-0.151,-0.548,-0.582,-0.406,-0.78,-0.544,-0.668,-0.32,-0.445,-0.282,-0.728,-0.576,-0.504,-0.616,-0.583,-0.101,-0.277,-0.582,-0.745
09/01/2005,-0.394,-0.592,-0.431,-0.428,-0.356,-0.392,-0.36,-0.464,-0.366,-0.797,-0.229,-0.628,-0.406,-0.372,-0.09,-0.403,-0.296,-0.306,-0.408,-0.43,0.232,-0.639,-0.585,-0.506,-0.503,-0.617,-0.483,-0.509,-0.458,0.163,-0.415,0.008,0.153,-0.299,-0.275,-0.591,-0.334,-0.279,-0.286,-0.674,-0.489,-0.443,-0.511,-0.609,-0.435,-0.351,-0.266,-0.133,-0.965,-0.339,-0.506,-0.158,-0.592,-0.495,-0.739,-0.632,-0.566,-0.401,-0.38,-0.771,-0.287,-0.7,0.146,-0.436,-0.497,-0.25,-0.595,-0.174,-0.451,-0.493,-0.198,-0.068,-0.484,-0.489,-0.884,-0.28,-0.353,-0.532,0.131,0.082,-0.615,-0.655,-0.739,-0.564,0.123,-0.404,-0.116,-0.668,-0.276,-0.347,-0.402,-0.623,-0.592,-0.341,-0.642,-0.314,-0.072,-0.3,-0.582,-0.553
10/01/2005,3.216,-0.186,-0.517,-0.401,-0.326,-0.331,-0.158,-0.262,-0.213,-0.308,2.183,-0.618,-0.236,-0.406,-0.055,-0.3,-0.554,-0.155,-0.417,-0.273,0.063,-0.086,-0.498,4.348,0.401,-0.353,-0.077,-0.04,-0.531,-0.268,-0.417,0.01,0.139,-0.073,-0.293,-0.569,-0.079,-0.439,-0.373,-0.573,-0.45,0.894,-0.429,-0.27,-0.45,-0.134,-0.435,-0.196,-0.161,-0.039,-0.493,-0.463,0.094,-0.601,-0.306,-0.81,-0.441,-0.303,-0.422,-0.033,-0.138,-0.523,-0.082,-0.222,-0.273,-0.016,-0.3,-0.249,-0.447,-0.322,-0.083,-0.025,-0.556,-0.163,-0.626,-0.05,-0.544,-0.416,0.28,-0.237,-0.543,-0.36,-0.828,-0.393,0.234,-0.592,-0.071,2.864,-0.147,-0.373,-0.152,-0.576,-0.741,-0.252,-0.502,0.039,-0.136,0.456,-0.582,-0.556
11/01/2005,-0.375,-0.334,-0.766,-0.465,-0.585,-0.58,-0.597,-0.57,-0.297,-0.457,0.681,-0.935,-0.834,-0.502,-0.482,-0.407,-0.449,-0.538,-0.242,-0.677,-0.662,-0.315,-0.686,-0.506,-0.112,-0.534,-0.463,-0.377,-0.649,-0.403,-0.473,-0.645,-0.387,-0.583,-0.638,-0.707,-0.53,-0.601,-0.628,-0.731,-0.453,0.416,-0.476,-0.225,-0.591,0.013,-0.57,0.29,-0.859,-0.442,-0.457,-0.414,-0.253,-0.725,-0.62,-0.634,-0.61,-0.431,-0.698,-0.448,-0.279,-0.352,-0.105,-1.118,-0.529,-0.736,-0.566,-0.423,-0.72,-0.403,-0.019,-0.027,-0.646,-0.182,-1.09,-0.496,-0.588,-0.521,-0.184,-0.672,-0.671,-0.589,-1.012,-0.624,0.015,-0.575,0.149,-0.668,-0.105,-0.298,-0.592,-0.544,-0.496,-0.36,-0.685,-0.639,-0.284,-0.202,-0.582,-0.648
12/01/2005,-0.491,-0.83,-0.511,-0.437,-0.5,-0.997,-0.879,-0.665,-0.507,-1.123,-0.346,-0.897,-0.489,-0.543,-0.297,-0.518,-0.771,-0.756,-0.383,-1.105,-0.571,-0.476,-0.896,-0.506,-0.606,-0.723,-0.829,-0.698,-0.972,-1.473,-0.699,-0.302,-0.535,-0.126,-0.37,-0.719,-0.708,-1.213,-1.012,-0.486,-0.43,-1.096,-1.179,-0.418,-1.287,-0.278,-1.184,-0.961,-0.617,-0.545,-0.554,-1.04,-1.103,-0.824,-1.378,-0.907,-0.818,-0.939,-0.699,-0.604,-0.493,-1.217,0.023,-0.51,-0.612,-0.719,-0.374,-0.65,-0.86,-0.918,-0.909,-0.353,-1.076,-0.403,-1.077,-0.674,-0.771,-0.558,-1.215,-1.043,-0.705,-0.9,-1.139,-1.188,-0.541,-0.883,-0.57,-0.668,-0.074,-0.745,-0.433,-0.712,-0.91,-0.519,-0.918,-0.654,-0.248,-1.03,-0.582,-0.807
01/01/2006,-0.545,-0.573,-0.687,-0.663,-0.356,-0.721,-0.645,-1.108,-0.496,-1.078,-0.415,-0.855,-0.611,-0.621,-0.403,-0.591,-0.186,-0.746,-0.63,-0.705,-0.333,-0.07,-0.405,-0.506,-0.795,-0.676,-0.637,-0.678,-0.632,-0.301,-0.391,-0.127,-0.733,-0.345,-0.343,-0.563,-0.514,-0.479,-0.219,-0.709,-0.552,0.376,-1.205,-0.302,-0.614,-0.454,-0.489,-0.911,-0.903,0.14,-0.517,-0.515,-0.617,-0.627,-0.722,-0.881,-0.897,-0.312,-0.265,0.274,-0.565,-0.851,-0.16,-0.565,-0.502,-0.492,-0.627,-0.556,-0.603,-1.152,-0.109,-0.454,-0.499,-0.208,-0.827,-0.597,-0.439,-0.453,-0.684,-0.85,-0.527,-0.761,-0.904,-0.627,0.017,-0.571,-0.002,-0.668,-0.448,-0.623,-0.37,-0.721,-0.666,-0.431,-0.713,-0.883,-0.339,-0.494,-0.582,-0.767
02/01/2006,-0.24,-0.596,-0.568,-0.425,-0.338,-0.484,-0.262,-0.624,-0.375,-0.475,-0.095,-0.611,-0.564,-0.414,-0.402,-0.596,-0.449,-0.764,-0.453,-0.552,-0.726,-0.578,-0.704,-0.506,-0.236,-0.595,-0.417,-0.668,-0.771,-0.336,-0.54,-0.372,-0.268,-0.648,-0.53,-0.65,-0.416,-0.35,-0.42,-0.62,-0.533,-0.39,-0.7,-0.293,-0.75,-0.311,-0.329,-0.629,-0.806,-0.225,-0.659,-0.608,-0.349,-0.53,-0.171,-1.029,-0.853,-0.146,-0.445,-0.257,-0.392,-0.645,-0.125,-0.401,-0.523,-0.714,-0.494,-0.326,-0.929,-0.424,-0.236,-0.799,-0.73,-0.115,-0.457,-0.654,-0.387,-0.52,-0.275,-0.659,-0.604,-0.546,-0.82,-0.478,0.054,-0.515,0.024,-0.668,-0.39,-0.334,-0.414,-0.719,-0.656,-0.544,-0.716,-1.111,-0.585,-0.159,-0.582,-0.731
03/01/2006,-0.363,-0.543,-0.768,-0.365,-0.469,-0.427,-0.398,-0.631,-0.46,-0.795,-0.36,-0.736,-0.708,-0.95,-0.555,-0.472,-0.496,-0.702,-0.563,-0.462,-0.561,-0.519,-0.73,-0.506,0.164,-0.753,-0.182,-0.439,-0.603,-0.116,-0.606,-0.342,-0.321,-0.478,-0.642,-0.723,-0.274,-0.49,-0.154,-0.746,-0.553,-0.486,-0.786,0.018,-0.264,-0.18,-0.478,-0.295,-0.305,0.007,-0.465,-0.387,-0.382,-0.736,0.019,-0.741,-0.507,-0.614,-0.255,-0.198,-0.485,-0.368,-0.486,-0.694,-0.684,-0.701,-0.569,-0.428,-0.261,-0.38,-0.299,-0.636,-0.655,-0.393,-0.739,-0.465,-0.435,-0.608,-0.509,-0.333,-0.583,-0.525,-0.864,-0.445,-0.131,-0.787,0.127,-0.668,-0.438,-0.213,-0.517,-0.804,-0.627,-0.634,-0.804,-0.64,-0.854,-0.479,-0.582,-0.717
04/01/2006,-0.548,-0.58,-0.667,-0.38,-0.468,-0.43,-0.316,-0.388,-0.452,-0.425,-0.489,-1.117,-0.77,-0.488,-0.717,-0.653,-0.27,-0.89,-0.505,-0.431,-0.205,-0.732,-0.603,-0.506,0.252,-0.57,-0.66,-0.713,-0.914,-0.397,-0.514,0.167,-0.514,-0.55,-0.547,-0.701,-0.607,-0.433,-0.296,-0.666,-0.564,-0.564,-0.794,-0.499,-0.696,-0.08,-0.412,-0.373,-0.653,-0.098,-0.511,-0.387,-0.789,-0.645,-0.587,-0.347,-0.469,-0.427,-0.386,-0.696,-0.495,-0.51,-0.433,-0.784,-0.318,-0.637,-0.616,-0.557,-0.84,-0.503,-0.366,-0.762,-0.562,-0.267,-0.971,-0.41,-0.376,-0.664,0.007,-0.562,-0.46,-0.288,-0.912,-0.364,-0.275,-0.542,0.065,-0.668,-0.5,-0.431,-0.747,-0.521,-0.85,-0.684,-0.732,-0.288,-0.564,0.085,-0.582,-0.719
05/01/2006,-0.729,-0.583,-0.89,-0.419,-0.406,-0.502,-0.577,-0.488,-0.62,-0.718,-0.62,-0.843,-0.954,-0.757,-0.785,-0.57,-0.425,-0.825,-0.431,-0.668,-0.724,-0.718,-0.975,-0.506,-0.46,-0.667,-0.452,-0.867,-0.822,-0.352,-0.571,0.332,-0.626,-0.761,-0.782,-0.531,-0.817,-0.39,-0.444,-0.685,-0.576,-0.503,-1.103,-0.916,-0.229,-0.168,-0.347,-0.795,-0.753,-0.144,-0.758,-0.499,-0.398,-0.473,0.096,-0.474,-0.905,-0.409,-0.59,-0.892,-0.643,-0.588,-0.208,-0.365,-0.719,-0.849,-0.431,-0.489,-0.687,-1.078,-0.678,-0.589,-0.529,-0.359,-0.934,-0.469,-0.51,-0.558,-0.652,-0.481,-0.547,-0.761,-0.955,-0.654,-0.342,-0.713,-0.433,-0.668,-0.489,-0.553,-0.453,-0.913,-0.535,-0.934,-0.526,-1.137,-0.654,-0.494,-0.582,-0.824
06/01/2006,-0.837,-0.554,-0.605,-0.39,-0.498,-0.57,-0.867,-0.667,-0.84,-0.218,-0.612,-0.763,-1.343,-0.505,-0.499,-0.361,-0.508,-0.526,-0.543,-0.663,-0.883,-0.524,-0.969,-0.506,-0.619,-0.694,-1.043,-0.844,-0.789,0.118,-0.643,-0.121,-0.521,-0.392,-0.498,-0.347,-0.871,-0.357,-0.604,-0.539,-0.605,-0.02,-1.117,-0.662,-0.579,0.075,-0.258,-1.161,-0.55,-0.18,-0.598,-0.753,-0.674,-0.736,-0.116,-0.386,-0.961,-0.158,-0.629,-0.71,-0.705,-0.704,-0.46,-0.6,-0.61,-0.957,-0.626,-0.491,-0.82,-1.034,-1.106,-0.256,-0.746,-0.75,-0.803,-0.59,-0.691,-0.537,-1.2,-0.544,-0.482,-0.727,-0.88,-0.791,-0.64,-0.858,-0.458,-0.668,-0.616,-0.83,-0.578,-0.667,-0.433,-0.965,-0.801,-1.511,-0.638,-0.821,-0.582,-0.647
07/01/2006,-0.827,-0.548,-0.821,-0.617,-0.754,-0.794,-1.15,-0.603,-0.94,-0.869,-0.763,-0.844,-0.552,-0.764,-0.777,-0.741,-0.802,-0.528,-0.605,-0.903,-0.916,-0.637,-1.271,-0.506,-0.548,-0.67,-0.759,-0.959,-0.807,-0.272,-0.741,-0.282,-0.87,-0.524,-0.362,-0.659,-0.926,-0.981,-0.297,-0.931,-0.623,-1.234,-1.108,-0.738,-0.869,-0.324,-1.001,-1.047,-1.074,-0.307,-0.548,-0.624,-0.426,-0.717,-0.84,-0.618,-0.646,-0.773,-1.112,-0.725,-0.479,0.596,-0.595,-0.348,-0.634,-0.634,-0.721,-0.496,-0.814,-0.532,-0.988,-0.241,-0.609,-0.471,-1.114,-0.675,-0.659,-0.41,-0.942,-0.733,-0.62,-0.583,-1.139,-0.992,-0.819,-1.035,-0.908,-0.668,-0.67,-0.908,-0.457,-0.761,-0.836,-1.15,-1.118,-1.188,-0.771,-0.745,-0.582,-0.705
08/01/2006,-0.591,-0.721,-0.864,-0.567,-0.601,-0.763,-0.979,-0.692,-0.859,-0.676,-0.792,-0.843,-0.925,-0.495,-0.822,-0.836,-0.806,-1.165,-0.725,-0.637,-1.086,-0.812,-0.975,-0.506,-0.245,-0.896,-1.062,-0.999,-0.614,-0.266,-0.673,-0.429,-0.649,-0.469,-0.533,-0.607,-1.005,-0.719,-0.254,-0.75,-0.629,-0.663,-1.036,-0.762,-0.448,-0.422,-0.708,-1.269,-0.898,-0.362,-0.48,-0.667,-0.481,-0.595,-0.541,-0.834,-0.91,-0.669,-0.428,-0.782,-0.661,-0.393,-0.516,-0.129,-0.742,-0.314,-0.765,-0.591,-0.973,-0.647,-0.689,-0.311,-0.692,-0.8,-0.916,-0.938,-0.681,-0.578,-0.886,-0.619,-0.573,-0.546,-0.866,-0.846,-0.677,-0.957,-0.305,-0.668,-0.708,-1.128,-0.542,-0.782,-0.672,-1.047,-0.959,-1.054,-0.78,-0.571,-0.582,-0.806
09/01/2006,-0.583,-0.77,-0.894,-0.62,-0.813,-0.723,-0.805,-0.985,-0.54,-1.191,-0.682,-0.864,-0.898,-0.679,-1.053,-0.836,-0.673,-0.833,-0.618,-0.959,-0.853,-0.669,-1.051,-0.506,-0.501,-0.68,-0.807,-0.936,-0.819,-0.535,-0.504,-0.838,-1.155,-0.731,-0.584,-0.821,-0.604,-1.182,-0.311,-0.824,-0.631,-0.055,-0.749,-0.54,-1.031,-0.568,-1.225,-0.69,-0.707,-0.407,-0.616,-0.612,0.268,-0.663,-1.031,-0.701,-0.853,-0.736,-0.788,-0.826,-0.548,-0.527,-0.694,-0.275,-0.645,-0.825,-0.584,-0.71,-0.8,-0.567,-0.667,-0.552,-0.928,-0.716,-0.894,-0.879,-0.538,-0.649,-0.571,-0.587,-0.683,-0.741,-1.131,-0.704,-0.451,-0.785,-0.446,-0.668,-0.691,-0.662,-0.846,-0.914,-0.847,-0.969,-1.073,-0.903,-0.568,-0.474,-0.582,-0.747
10/01/2006,-0.667,-0.812,-0.845,-0.518,-0.756,-0.582,-0.401,-0.611,-0.493,-0.912,-0.373,-0.867,-0.689,-0.809,-0.875,-0.564,-0.641,-0.756,-0.615,-0.645,-0.915,-0.671,-0.719,-0.506,-0.385,-0.613,-0.735,-0.4,-0.997,-0.574,-0.636,-0.32,-0.799,-0.841,-0.8,-0.42,-0.554,-0.986,-0.496,-0.769,-0.635,-1.337,-0.697,-1.008,-0.804,-0.213,-0.98,-0.513,-0.266,-0.607,-0.717,-0.946,-0.364,-0.674,-1.149,-0.889,-0.935,-0.647,-0.627,-0.764,-0.679,-0.512,-0.585,-0.822,-0.604,-0.369,-0.774,-0.303,-1.217,-0.304,-0.512,-0.976,-0.96,-0.53,-0.824,-0.889,-0.679,-0.579,-0.256,-0.632,-0.596,-0.575,-0.989,-0.593,-0.317,-0.784,-0.432,-0.668,-0.625,-0.574,-0.779,-0.8,-0.803,-0.754,-0.96,-0.666,-0.749,-0.505,-0.582,-0.62
11/01/2006,-1.05,-0.595,-0.988,-0.799,-0.853,-0.861,-0.567,-0.82,-0.658,-1.145,-0.788,-1.189,-0.874,-1.11,-0.926,-0.631,-0.858,-1.076,-0.58,-0.858,-0.923,-0.749,-0.989,-0.506,-0.724,-0.797,-0.872,-1.032,-0.889,-1.026,-0.508,-0.75,-0.833,-1.202,-0.82,-0.782,-0.958,-1.147,-0.888,-0.631,-0.652,-0.491,-0.941,-0.881,-1.121,-0.302,-1.133,-0.734,-1.089,-0.41,-0.54,-0.61,-0.779,-0.793,-1.408,-1.162,-0.84,-0.877,-0.833,-0.972,-0.565,-0.9,-0.657,-1.239,-0.418,-0.695,-0.661,-0.628,-1.219,-1.078,-0.587,-1.137,-1.204,-1.259,-1.01,-1.077,-0.758,-0.617,-0.559,-1.203,-0.788,-0.979,-1.271,-0.923,-0.564,-0.953,-0.569,-0.668,-0.67,-0.655,-0.795,-0.796,-0.939,-1.006,-0.871,-0.69,-0.829,-0.452,-0.582,-0.734
12/01/2006,-1.192,-0.989,-1.201,-0.844,-1.019,-1.322,-1.01,-1.525,-0.909,-1.825,-0.893,-1.287,-1.356,-1.138,-1.208,-0.949,-0.993,-1.059,-0.791,-1.631,-1.044,-0.595,-1.526,-0.506,-1.123,-0.755,-1.625,-1.257,-1.419,-1.518,-0.867,-0.783,-1.023,-1.066,-1.13,-0.792,-1.21,-1.555,-1.012,-0.661,-0.673,-1.174,-1.217,-1.022,-1.625,-0.879,-1.568,-1.271,-0.932,-0.706,-0.784,-1.268,-1.317,-0.884,-1.558,-1.186,-0.603,-0.543,-1.603,-1.233,-0.704,-1.335,-0.85,-1.081,-0.723,-0.825,-0.614,-0.907,-1.399,-1.296,-1.179,-0.731,-1.477,-1.311,-1.443,-1.076,-0.852,-0.613,-1.397,-1.55,-0.757,-1.148,-1.479,-1.524,-1.046,-0.994,-1.117,-0.668,-0.651,-0.842,-0.866,-0.905,-0.862,-1.109,-1.262,-1.275,-1.031,-0.962,-0.582,-0.828
01/01/2007,-1.164,-0.908,-1.121,-0.709,-0.812,-0.973,-1.095,-1.122,-0.678,-1.255,-0.9,-1.069,-1.025,-1.115,-0.913,-0.924,-0.715,-1.037,-0.749,-1.179,-0.984,-0.503,-1.195,-0.506,-0.711,-0.722,-1.268,-0.992,-0.795,-0.647,-0.695,-0.976,-0.635,-0.968,-0.824,-0.683,-0.745,-1.092,-0.394,-0.828,-0.735,-1.082,-1.073,-0.776,-1.152,-0.573,-1.114,-1.128,-0.571,-0.715,-0.656,-0.794,-0.763,-0.626,-1.165,-1.028,-0.792,-0.856,-0.688,-0.296,-0.719,-1.042,-0.526,-0.774,-0.622,-0.855,-0.765,-0.728,-0.753,-1.05,-0.541,-0.919,-1.029,-1.196,-0.94,-1.04,-0.663,-0.466,-1.345,-1.242,-0.614,-0.846,-1.133,-1.095,-0.503,-0.884,-0.731,1.667,-0.88,-0.838,-0.731,-0.786,-1.133,-0.717,-0.907,-1.063,-1.063,-0.483,-0.582,-0.802
02/01/2007,-1.082,-0.823,-1.08,-0.629,-0.531,-0.8,-0.701,-1.059,-0.625,-0.833,-0.616,-0.965,-0.886,-0.851,-1.125,-0.557,-0.731,-1.17,-0.651,-0.934,-0.984,-0.597,-1.045,-0.506,-0.703,-0.715,-0.99,-0.996,-1.014,-0.857,-0.718,-1.006,-0.896,-1.065,-0.842,-0.581,-0.622,-1.022,-0.745,-0.701,-0.724,-0.804,-0.883,-1.032,-0.825,-0.67,-1.019,-0.305,-1.038,-0.686,-0.412,-0.655,-0.896,-0.792,-1.148,-1.053,-0.732,-0.602,-0.876,-0.664,-0.649,-0.806,-0.895,-0.637,-0.813,-0.765,-0.716,-0.63,-0.891,-0.77,-0.698,-1.063,-1.234,-1.168,-0.947,-0.991,-0.68,-0.582,-0.829,-1.142,-0.538,-0.903,-0.924,-0.938,-0.402,-0.848,-0.871,-0.668,-0.86,-0.809,-0.659,-0.891,-1.053,-1.045,-0.859,-1.279,-1.058,-0.425,-0.582,-0.729
03/01/2007,-1.136,-0.729,-0.978,-0.635,-0.712,-0.749,-0.585,-0.696,-0.728,-1.112,-0.779,-0.991,-1.198,-0.605,-0.975,-0.497,-0.791,-1.033,-0.569,-0.889,-1.082,-0.76,-1.214,-0.506,-0.703,-0.7,-0.803,-1.099,-0.854,-0.746,-0.7,-0.796,-1.019,-0.964,-0.789,-0.645,-0.859,-1.105,-0.321,-0.943,-0.738,-0.615,-0.949,-0.754,-0.778,-0.705,-1.115,-0.886,-0.979,-0.727,-0.641,-0.758,-1.179,-0.62,-1.317,-1.181,-0.93,-0.532,-0.895,-0.68,-0.686,-0.719,-0.795,-0.675,-0.878,-0.876,-0.66,-0.692,-0.981,-0.725,-0.865,-0.848,-1.098,-0.9,-0.995,-0.896,-0.586,-0.582,-1.058,-1.093,-0.621,-0.83,-1.026,-0.899,-0.532,-0.861,-0.76,-0.668,-0.898,-0.659,-0.925,-0.809,-1.077,-1.003,-0.977,-1.1,-1.148,-0.395,-0.582,-0.774
04/01/2007,-1.151,-0.911,-0.969,-0.789,-0.801,-0.724,-0.453,-0.979,-0.68,-1.25,-0.79,-1.209,-1.303,-0.764,-0.946,-0.67,-0.76,-0.981,-0.589,-0.878,-1.106,-0.453,-0.915,-0.506,-0.597,-0.613,-0.852,-1.168,-0.641,-0.681,-0.607,-0.721,-0.968,-0.739,-0.775,-0.697,-0.869,-0.893,-0.464,-0.591,-0.741,-1.087,-0.912,-1.162,-0.795,-0.533,-0.913,-0.69,-0.619,-0.522,-0.688,-0.713,-1.042,-0.448,-0.921,-0.899,-0.899,-1.062,-0.9,-0.94,-0.763,-0.61,-0.903,-0.903,-0.69,-0.81,-0.743,-0.719,-0.948,-0.926,-0.565,-1.17,-0.914,-1.377,-0.897,-0.717,-0.601,-0.536,-0.847,-1.134,-0.702,-0.948,-1.093,-0.864,-0.539,-0.826,-0.616,-0.668,-0.901,-0.518,-0.897,-0.773,-1.052,-0.786,-0.931,-0.76,-1.017,0.006,-0.582,-0.627
05/01/2007,-0.849,-0.715,-0.938,-0.577,-0.733,-0.653,-0.645,-0.707,-0.789,-0.698,-0.83,-1.18,-1.067,-0.537,-0.949,-1.025,-0.547,-1.039,-0.559,-0.636,-0.953,-0.628,-1.06,-0.506,-0.728,-0.606,-1.081,-0.908,-0.727,-0.569,-0.705,-0.847,-1.168,-1.216,-0.883,-0.729,-1.07,-0.708,-0.568,-0.885,-0.725,-0.734,-0.882,-0.678,-0.61,-0.218,-0.682,-0.932,-0.71,-0.397,-0.687,-1.074,-1.259,-0.811,-0.888,-0.722,-0.98,-0.518,-0.905,-1.197,-0.827,-0.502,-0.693,-0.925,-0.752,-0.821,-0.654,-0.663,-1.037,-0.631,-0.358,-0.862,-0.786,-0.792,-0.963,-0.674,-0.63,-0.567,-0.802,-0.845,-0.651,-0.794,-1.017,-0.809,-0.55,-0.844,-0.634,-0.668,-0.861,-0.692,-0.763,-0.688,-0.896,-0.9,-0.959,-1.314,-1.099,-0.763,-0.582,-0.745
06/01/2007,-0.979,-0.756,-0.956,-0.615,-0.547,-0.646,-0.924,-0.568,-0.891,-0.976,-0.806,-0.849,-1.087,-0.508,-0.823,-0.798,-0.665,-0.703,-0.824,-0.681,-1.071,-0.728,-0.909,-0.506,-0.443,-0.562,-0.932,-0.805,-0.54,-0.219,-0.738,-0.425,-0.821,-0.855,-1.021,-0.743,-0.794,-0.637,-0.635,-0.778,-0.727,-0.381,-0.964,-1.025,-0.659,-0.414,-0.649,-1.109,-0.855,-0.576,-0.717,-0.884,-1.2,-0.669,-0.844,-1.046,-0.881,-0.923,-1.051,-0.748,-0.761,-0.971,-0.86,-0.728,-0.845,-1.053,-0.834,-0.691,-0.817,-1.236,-0.816,-0.576,-0.631,-0.946,-0.875,-0.767,-0.686,-0.587,-1.216,-0.885,-0.741,-0.95,-0.995,-0.788,-0.799,-0.898,-0.712,-0.668,-0.92,-0.693,-0.719,-0.77,-0.441,-0.993,-0.992,-1.293,-1.186,-0.53,-0.582,-0.658
07/01/2007,-0.882,-0.824,-0.867,-0.608,-0.59,-0.705,-0.98,-0.826,-0.886,-0.707,-0.723,-0.969,-0.729,-0.889,-0.783,-1.05,-0.743,-0.845,-0.782,-0.603,-1.048,-0.661,-1.041,-0.506,-0.316,-0.683,-1.188,-1.055,-0.584,-0.268,-0.796,-0.493,-0.462,-0.647,-0.732,-0.793,-1.089,-0.664,-0.255,-0.922,-0.719,-0.466,-0.904,-0.83,-0.649,-0.728,-0.666,-1.156,-1.082,-0.445,-0.766,-0.586,-0.677,-0.75,-0.527,-0.912,-0.984,-0.667,-1.122,-0.351,-0.809,-1.011,-0.937,-0.434,-0.875,-1.006,-0.759,-0.765,-0.984,-1.286,-0.893,-0.592,-0.455,-0.912,-0.997,-0.88,-0.674,-0.577,-1.357,-0.839,-0.579,-0.709,-0.892,-0.715,-0.901,-0.84,-0.56,-0.668,-0.905,-0.807,-0.54,-0.643,-0.903,-1.035,-0.943,-1.147,-1.127,-0.96,-0.582,-0.665
08/01/2007,-1.086,-0.779,-0.963,-0.712,-0.63,-0.748,-0.977,-0.791,-0.791,-0.755,-0.821,-0.861,-0.943,-0.534,-0.997,-1.049,-0.767,-0.917,-0.657,-0.51,-1.051,-0.721,-0.897,-0.506,-0.652,-0.676,-1.098,-0.844,-0.399,-0.475,-0.613,-0.612,-0.389,-0.973,-0.798,-0.704,-1.148,-0.775,-0.469,-0.684,-0.715,-0.79,-0.981,-0.845,-0.434,-0.679,-0.784,-1.212,-0.812,-0.593,-0.518,-0.785,-0.709,-0.843,-0.818,-0.769,-0.898,-0.867,-0.837,-0.565,-0.618,-0.875,-0.868,-0.325,-0.754,-0.784,-0.763,-0.669,-0.992,-0.918,-0.469,-0.797,-0.587,-1.051,-0.965,-0.745,-0.702,-0.628,-1.467,-0.714,-0.628,-0.647,-0.937,-0.611,-0.777,-0.92,-0.943,-0.668,-0.895,-0.669,-0.626,-0.674,-0.768,-0.644,-1.011,-0.864,-1.201,-0.885,-0.582,-0.809
09/01/2007,-1.01,-0.849,-0.845,-0.7,-0.81,-0.565,-0.909,-0.798,-0.537,-1.058,-0.776,-0.937,-0.328,-0.858,-0.876,-0.895,-0.646,-0.926,-0.729,-0.636,-0.98,-0.65,-0.53,-0.506,-0.436,-0.759,-0.978,-0.926,-0.671,-0.554,-0.514,-0.698,-0.353,-0.991,-0.97,-0.823,-0.535,-0.902,-0.431,-0.752,-0.725,-0.617,-0.564,-0.741,-0.873,-0.741,-0.887,-0.615,-0.951,-0.642,-0.759,-0.837,-0.675,-0.713,-0.883,-0.941,-0.738,-0.685,-0.853,-1.178,-0.517,-0.878,-0.672,-0.897,-0.84,-0.968,-0.661,-0.794,-1.008,-0.594,-0.604,-1.033,-0.662,-0.626,-0.847,-0.854,-0.595,-0.64,-0.888,-0.524,-0.747,-0.897,-1.021,-0.661,-0.574,-0.783,-0.728,-0.668,-0.899,-0.444,-0.836,-0.575,-1.068,-0.507,-0.911,-0.715,-0.921,-0.754,-0.582,-0.646
10/01/2007,-0.808,-0.751,-0.933,-0.508,-0.674,-0.299,-0.681,-0.891,-0.521,-0.81,-0.38,-0.815,-0.809,-0.496,-0.857,-0.914,-0.664,-0.986,-0.788,-0.32,-0.824,-0.748,-0.692,-0.506,-0.419,-0.614,-0.647,-0.645,-0.65,-0.533,-0.508,-0.326,-0.374,-0.919,-0.897,-0.637,-0.231,-0.529,-0.475,-0.688,-0.706,-1.621,-0.486,-1.004,-0.408,-0.509,-0.49,-0.383,-0.198,-0.793,-0.644,-0.711,-0.494,-0.699,-0.561,-0.652,-0.832,-0.518,-1.289,-0.842,-0.325,-0.693,-0.315,-0.105,-0.679,-0.743,-0.729,-0.519,-0.892,-0.382,0.009,-1.004,-0.662,-0.716,-0.809,-0.871,-0.761,-0.688,-0.054,-0.775,-0.642,-0.761,-0.797,-0.771,-0.45,-0.77,-0.527,-0.668,-0.805,-0.154,-0.821,-0.694,-0.903,-0.721,-0.747,-0.806,-0.922,-0.612,-0.582,-0.664
11/01/2007,-1.081,-0.909,-1.153,-0.658,-0.931,-0.695,-0.707,-0.963,-0.643,-0.949,-0.836,-0.809,-0.456,-0.709,-1.008,-0.658,-0.8,-1.125,-0.783,-0.821,-0.988,-0.773,-0.791,-0.506,-0.614,-0.726,-0.86,-0.821,-0.978,-0.913,-0.556,-0.885,-0.597,-0.815,-0.932,-0.688,-1.029,-1.051,-0.902,-0.796,-0.711,-0.729,-0.748,-0.955,-0.949,-0.604,-1.03,-0.654,-0.702,-0.887,-0.626,-0.887,-0.735,-0.704,-1.008,-1.147,-0.834,-0.556,-1.356,-1.016,-0.529,-0.865,-0.682,-0.884,-0.541,-0.904,-0.701,-0.629,-1.301,-1.113,-0.609,-1.013,-0.735,-0.964,-1.142,-1.037,-0.817,-0.669,-0.612,-1.267,-0.63,-1.022,-1.048,-0.984,-0.677,-0.755,-1.031,-0.668,-0.786,-0.204,-0.89,-0.664,-0.997,-0.829,-1.014,-0.636,-0.942,-0.534,-0.582,-0.783
12/01/2007,-1.141,-0.981,-1.254,-0.812,-1.06,-1.164,-1.106,-1.203,-0.78,-1.527,-0.865,-1.046,-1.136,-0.932,-1.094,-0.845,-1.11,-1.087,-0.715,-1.321,-1.09,-0.865,-1.254,-0.506,-0.98,-0.844,-1.306,-1.029,-1.314,-1.791,-0.851,-1.059,-0.746,-0.856,-1.113,-0.976,-1.421,-1.421,-1.123,-0.99,-0.691,-1.328,-1.025,-0.831,-1.538,-1.026,-1.454,-1,-1.059,-0.95,-0.699,-1.191,-0.998,-0.946,-1.476,-1.304,-0.883,-0.813,-1.786,-1.326,-0.557,-1.269,-0.861,-1.209,-0.712,-0.651,-0.619,-0.862,-1.234,-1.472,-0.85,-0.876,-1.144,-1.169,-1.104,-1.066,-0.939,-0.784,-1.27,-1.528,-0.782,-1.187,-1.306,-1.423,-1.046,-0.99,-1.567,-0.668,-0.683,-0.99,-0.934,-0.887,-0.791,-0.587,-1.22,-1.177,-1.012,-0.875,-0.582,-0.629
01/01/2008,-0.958,-0.859,-1.039,-0.871,-0.609,-0.798,-0.936,-1.056,-0.716,-1.036,-0.613,-0.999,-0.708,-0.685,-0.709,-0.89,-0.593,-0.963,-0.7,-0.84,-1.116,-0.915,-0.871,-0.506,-0.318,-0.752,-1.078,-0.863,-0.578,-0.597,-0.68,-0.797,-0.621,-0.714,-0.941,-0.842,-0.848,-0.912,-0.612,-0.882,-0.748,-0.901,-0.881,-0.704,-0.681,-0.857,-0.92,-0.903,-1.034,-0.717,-0.677,-0.921,-0.366,-0.694,-0.873,-1.055,-1.078,-1.051,-1.424,-0.505,-0.64,-1.01,-0.737,-0.685,-0.571,-0.757,-0.709,-0.696,-0.821,-1.115,-0.345,-1.113,-0.679,-0.78,-0.826,-1.017,-0.669,-0.547,-0.951,-1.095,-0.636,-0.832,-0.737,-0.919,-0.665,-0.873,-0.778,-0.668,-0.931,-0.695,-0.688,-0.695,-0.91,-0.547,-1.089,-1.153,-1.152,-0.902,-0.582,-0.674
02/01/2008,-0.775,-0.76,-0.869,-0.738,-0.674,-0.372,-0.651,-0.539,-0.619,-0.805,-0.814,-0.82,-0.969,-0.748,-0.893,-0.961,-0.564,-0.943,-0.626,-0.513,-0.854,-0.771,-0.626,-0.506,-0.576,-0.614,-0.706,-1.06,-0.68,-0.75,-0.658,-0.546,-0.602,-0.86,-0.675,-0.894,-0.759,-1.026,-0.71,-0.634,-0.729,-1.034,-0.539,-0.933,-0.709,-0.853,-1.025,-0.619,-1.02,-0.752,-0.569,-0.724,-0.735,-0.635,-0.472,-0.782,-0.684,-0.581,-1.374,-0.38,-0.635,-0.825,-0.724,-0.529,-0.86,-0.512,-0.753,-0.694,-0.898,-0.942,-0.081,-0.793,-0.85,-0.965,-0.587,-0.847,-0.604,-0.676,-0.415,-0.998,-0.523,-0.895,-0.758,-0.846,-0.421,-0.839,-0.949,-0.668,-0.924,-0.232,-0.761,-0.717,-0.968,-0.754,-0.876,-0.917,-1.125,-0.797,-0.582,-0.289
03/01/2008,-0.892,-0.71,-0.87,-0.71,-0.632,-0.397,-0.679,-1.031,-0.682,-0.774,-0.765,-0.726,-0.752,-0.736,-0.774,-0.842,-0.454,-0.962,-0.641,-0.402,-0.845,-0.652,-0.655,-0.506,-0.479,-0.601,-0.905,-0.937,-0.767,-0.43,-0.709,-0.691,-0.429,-0.75,-0.95,-0.774,-0.81,-0.622,-0.531,-0.683,-0.743,-1.067,-0.656,-0.866,-0.456,-0.762,-0.63,-0.722,-0.884,-0.699,-0.779,-0.848,-0.295,-0.632,-0.56,-0.899,-0.864,-0.732,-1.106,-0.599,-0.764,-0.665,-0.864,-0.483,-0.868,-0.78,-0.702,-0.709,-0.795,-1.048,-0.301,-1.093,-0.669,-0.65,-0.601,-0.477,-0.628,-0.611,-0.689,-0.761,-0.562,-0.689,-0.63,-0.715,-0.59,-0.765,-0.357,-0.668,-0.918,-0.262,-0.737,-0.811,-0.797,-0.488,-0.946,-0.612,-1.107,-0.613,-0.582,-0.608
04/01/2008,-0.519,-0.81,-0.832,-0.652,-0.609,-0.166,-0.608,-0.647,-0.608,-0.663,-0.837,-0.824,-0.839,-0.688,-0.736,-0.644,-0.671,-0.808,-0.604,-0.277,-0.816,-0.646,-0.561,-0.506,-0.422,-0.656,-0.884,-0.704,-0.726,-0.108,-0.653,-0.541,-0.547,-0.888,-0.759,-0.738,-0.79,-1,-0.722,-0.605,-0.727,-0.11,-0.331,-0.96,-0.644,-0.588,-1.022,-0.224,-0.967,-0.786,-0.597,-0.489,-0.059,-0.421,-0.315,-0.733,-0.584,-0.643,-0.858,-0.728,-0.727,-0.596,-0.84,-0.327,-0.737,-0.797,-0.686,-0.766,-0.832,-0.475,-0.46,-0.789,-0.436,-0.308,-0.623,-0.528,-0.529,-0.524,-0.824,-0.823,-0.454,-0.937,-0.509,-0.534,-0.638,-0.705,-0.298,-0.668,-0.906,0.056,-0.614,-0.705,-0.931,-0.569,-0.647,-0.665,-0.959,-0.274,-0.582,-0.438
05/01/2008,-0.715,-0.913,-1.097,-0.794,-0.754,-0.408,-0.959,-1.054,-0.836,-0.923,-0.74,-0.935,-0.779,-0.934,-0.752,-0.75,-0.833,-0.953,-0.531,-0.769,-1.048,-0.646,-0.984,-0.506,-0.658,-0.743,-1.115,-0.99,-0.742,-0.591,-0.725,-0.557,-0.758,-0.575,-1.041,-0.873,-1.148,-0.949,-0.683,-0.715,-0.737,-0.868,-0.865,-0.707,-0.688,-1.093,-0.967,-0.901,-0.976,-0.825,-0.648,-1.054,-0.933,-0.826,-0.65,-1.082,-1.102,-0.78,-1.233,-1.1,-0.779,-0.899,-1.015,-0.677,-0.82,-0.681,-0.683,-0.796,-0.979,-0.778,-0.815,-0.735,-0.544,-0.569,-0.824,-0.705,-0.587,-0.671,-1.23,-0.895,-0.533,-1.052,-0.734,-0.894,-0.835,-0.924,-0.917,-0.668,-0.862,-0.671,-0.766,-0.806,-0.88,-0.662,-0.758,-1.373,-1.107,-1.047,-0.582,-0.61
06/01/2008,-0.727,-0.918,-0.819,-0.695,-0.667,-0.363,-0.976,-0.523,-0.941,-0.49,-0.734,-0.624,-0.869,-0.803,-0.528,-0.779,-0.762,-0.8,-0.801,-0.424,-1.003,-0.753,-0.716,-0.506,-0.005,-0.784,-1.264,-0.897,-0.539,-0.376,-0.879,-0.691,-0.56,-0.618,-0.62,-0.702,-1.27,-0.769,-0.824,-0.812,-0.748,-0.389,-0.812,-0.562,-0.317,-0.672,-0.799,-0.676,-1.091,-0.779,-0.613,-0.998,-0.716,-0.72,-0.493,-0.486,-0.765,-0.648,-0.942,-0.767,-0.79,-0.834,-1.016,-0.556,-0.942,-0.699,-0.698,-0.783,-0.911,-0.826,-0.647,-0.865,-0.503,-0.669,-0.408,-0.53,-0.667,-0.629,-1.443,-1,-0.548,-0.867,-0.682,-0.835,-0.975,-0.648,-0.634,-0.668,-0.935,-0.839,-0.457,-0.593,-0.555,-0.901,-0.741,-0.911,-1.001,-1.057,-0.582,-0.6
07/01/2008,-0.725,-0.792,-0.783,-0.631,-0.604,-0.51,-1.083,-0.636,-0.946,-0.74,-0.745,-0.804,-1.118,-0.588,-0.644,-0.858,-0.676,-0.598,-0.689,-0.308,-0.966,-0.659,-0.832,-0.506,-0.444,-0.765,-1.142,-1.036,-0.607,-0.606,-0.656,-0.55,-0.285,-0.879,-0.762,-0.679,-1.265,-0.716,-0.718,-0.89,-0.733,-0.54,-0.769,-0.585,-0.552,-0.703,-0.735,-0.52,-0.931,-0.889,-0.76,-0.606,-0.884,-0.81,-0.057,-0.633,-0.805,-0.911,-1.235,-0.777,-0.847,-0.942,-0.832,-0.407,-0.847,-0.544,-0.727,-0.82,-1.081,-0.566,-1.238,-0.603,-0.553,-0.686,-0.642,-0.221,-0.687,-0.706,-1.591,-0.871,-0.553,-0.872,-0.705,-0.973,-1.001,-0.835,-0.807,-0.668,-0.898,-0.847,-0.497,-0.73,-0.564,-0.811,-0.833,-0.824,-1.165,-1.127,-0.582,-0.614
08/01/2008,-0.983,-0.905,-0.941,-0.814,-0.768,-0.77,-1.116,-0.697,-0.95,-1.014,-0.719,-1.026,-0.484,-0.824,-0.653,-0.67,-0.828,-0.639,-0.764,-0.721,-0.978,-0.921,-0.953,-0.506,-0.579,-0.756,-1.221,-0.982,-0.807,-0.698,-0.844,-0.714,-0.48,-0.879,-0.895,-0.693,-1.354,-1.033,-0.73,-0.833,-0.724,-0.696,-0.942,-0.415,-0.668,-1.12,-1.033,-1.143,-0.797,-0.942,-0.758,-0.746,-1.243,-0.81,-0.764,-0.689,-1.005,-0.953,-1.012,-1.142,-0.683,-0.976,-0.955,-0.655,-0.936,-0.638,-0.628,-0.768,-1.08,-0.803,-0.768,-0.591,-0.882,-1.244,-0.7,-0.045,-0.76,-0.737,-1.593,-0.996,-0.65,-0.824,-0.883,-0.874,-0.975,-0.905,-0.857,-0.668,-0.88,-0.692,-0.598,-0.856,-0.676,-0.86,-0.882,-0.873,-0.952,-1.182,-0.582,-0.618
09/01/2008,-0.779,-0.878,-0.942,-0.699,-0.857,-0.445,-0.707,-0.683,-0.625,-0.651,-0.708,-0.63,-0.617,-0.717,-0.887,-0.91,-0.684,-0.859,-0.712,-0.363,-0.807,-0.826,-0.712,-0.506,-0.575,-0.735,-0.847,-0.986,-0.654,-0.756,-0.509,-0.675,-0.052,-1.039,-0.79,-0.689,-0.461,-0.74,-0.802,-0.742,-0.718,-0.626,-0.332,-0.829,-0.843,-0.515,-0.72,-0.275,-0.846,-0.955,-0.767,-0.899,-0.888,-0.749,-0.46,-0.683,-0.754,-0.64,-0.913,-0.574,-0.634,-0.886,-0.481,-0.649,-0.77,-0.807,-0.745,-0.784,-0.91,-1.059,-0.596,-0.634,-0.922,-1.094,-0.673,-0.021,-0.608,-0.703,-0.509,-0.599,-0.488,-0.96,-0.674,-0.689,-0.739,-0.655,-0.415,-0.668,-0.833,-0.623,-0.661,-0.924,-0.787,-0.466,-0.708,-0.72,-0.746,-0.91,-0.582,-0.774
10/01/2008,-0.731,-0.852,-0.848,-0.598,-0.873,-0.374,-0.697,-0.579,-0.589,-0.847,-0.244,-0.855,-0.375,-0.683,-0.875,-0.871,-0.769,-0.658,-0.751,-0.452,-0.064,-0.761,-0.613,-0.506,-0.425,-0.716,-0.739,-0.507,-0.674,-0.82,-0.586,-0.618,-0.494,-0.842,-0.869,-0.869,-0.739,-0.723,-1.133,-0.695,-0.704,-0.232,-0.404,-0.608,-0.701,-0.515,-0.697,-0.448,-0.574,-1.017,-0.722,-0.455,-0.334,-0.703,-0.85,-0.634,-0.83,-0.694,-1.01,-0.502,-0.624,-0.699,-0.77,-0.471,-0.729,-0.795,-0.631,-0.815,-1.091,-0.835,-0.626,-0.651,-0.921,-1.028,-0.607,0.056,-0.846,-0.645,-0.368,-0.958,-0.484,-0.761,-0.587,-0.841,-0.671,-0.682,-0.805,-0.668,-0.762,-0.476,-0.882,-0.833,-0.885,-0.679,-0.48,-0.764,-0.83,-0.768,-0.582,-0.756
11/01/2008,-0.907,-0.932,-1.121,-0.764,-0.956,-0.625,-0.793,-0.821,-0.669,-1.006,-0.688,-0.901,-1.006,-1.057,-0.907,-0.941,-0.89,-0.832,-0.73,-0.786,-0.756,-0.723,-0.809,-0.506,-0.692,-0.649,-1.047,-0.861,-0.834,-1.028,-0.582,-0.864,-0.795,-1.088,-0.898,-0.892,-0.237,-1.192,-1.252,-0.741,-0.72,-0.973,-0.724,-1.012,-1.08,-0.696,-1.225,-0.731,-0.949,-1.048,-0.79,-0.918,-0.555,-0.74,-1.01,-1.056,-0.826,-0.735,-1.116,-1.014,-0.397,-0.936,-0.815,-0.973,-0.786,-0.912,-0.69,-0.692,-0.127,-0.875,-0.819,-0.647,-1.081,-1.117,-0.771,0.218,-0.819,-0.703,-0.519,-1.27,-0.718,-1.059,-0.797,-0.976,-0.95,-0.797,-0.998,-0.668,-0.767,-0.642,-1.038,-0.876,-0.769,-0.605,-0.782,-1.012,-0.833,-0.58,-0.582,-0.718
12/01/2008,-0.928,-0.964,-1.053,-0.793,-0.913,-0.931,-0.86,-1.109,-0.824,-1.287,-0.777,-1.05,-1.094,-0.903,-0.882,-0.873,-0.992,-0.71,-0.673,-0.969,-0.73,-0.774,-1.239,-0.506,-0.96,-0.913,-1.445,-1.229,-1.136,-1.827,-0.836,-1.01,-0.833,-0.756,-1.088,-0.901,-1.253,-1.163,-1.519,-0.84,-0.694,-0.919,-0.936,-1.162,-1.294,-1.081,-1.185,-0.985,-0.976,-0.967,-0.803,-0.844,-1.224,-0.788,-1.072,-0.981,-0.897,-1.046,-1.542,-0.661,-0.653,-1.333,-0.862,-1.094,-0.856,-0.929,-0.595,-0.901,-1.083,-1.037,-1.206,-0.55,-1.235,-1.591,-0.918,-0.447,-0.923,-0.686,-1.198,-1.336,-0.678,-1.121,-0.877,-1.264,-1.261,-0.907,-1.483,-0.668,-0.693,-1.009,-1.01,-0.83,-0.558,-0.426,-1.024,-0.787,-0.82,-0.976,-0.582,-0.639
01/01/2009,-0.879,-0.926,-0.903,-0.834,-0.893,-0.731,-0.88,-0.995,-0.725,-0.921,-0.813,-0.945,-0.723,-0.816,-0.781,-0.852,-0.686,-0.742,-0.728,-0.767,-0.621,-0.75,-0.944,-0.506,-0.728,-0.765,-1.311,-1.02,-0.683,-1.01,-0.654,-0.974,-0.734,-0.856,-0.87,-0.973,-0.895,-0.853,-0.882,-0.711,-0.75,-1,-0.761,-0.586,-1.139,-1.02,-0.894,-0.892,-0.976,-0.886,-0.883,-0.856,-0.56,-0.736,-0.921,-1.006,-0.881,-0.838,-1.263,-0.509,-0.76,-1.136,-0.895,-0.733,-0.892,-1.112,-0.68,-0.907,0.536,-0.682,-0.234,-0.569,-0.862,-1.14,-0.708,-0.386,-0.65,-0.659,-1.028,-1.104,-0.583,-0.9,-0.516,-0.874,-0.92,-0.738,-1.197,-0.668,-0.89,-1.017,-0.671,-0.853,-0.802,-0.49,-1.004,-0.866,-0.737,-0.427,-0.582,-0.759
02/01/2009,-0.388,-0.753,-0.565,-0.662,-0.713,-0.138,-0.58,-0.595,-0.576,-0.209,-0.786,-0.569,-0.303,-0.49,-0.856,-0.878,-0.655,-0.801,-0.813,-0.209,-0.689,-0.651,-0.46,-0.506,-0.574,-0.655,-0.672,-1.026,-0.785,-0.794,-0.322,-0.474,-0.421,-1.161,-0.863,-0.863,0.32,-0.411,-0.737,-0.538,-0.733,0.032,-0.302,-0.452,-0.473,-0.471,-0.538,-0.206,-0.95,-0.915,-0.482,-0.617,-0.245,-0.513,-0.592,-0.342,-0.906,-0.658,-0.619,-0.251,-0.589,-0.765,-0.96,-0.968,-0.81,-0.835,-0.862,-0.757,-0.493,-0.222,0.111,-0.629,-0.743,-0.717,-0.235,-0.324,-0.571,-0.59,-0.846,-0.777,-0.614,-0.892,-0.253,-0.398,-0.639,-0.6,-0.854,-0.668,-0.875,-0.336,-0.822,-0.764,-0.867,-0.338,-0.64,-0.701,-0.8,-0.477,-0.582,-0.651
03/01/2009,-0.522,-0.73,-0.419,-0.744,-0.684,0.241,-0.564,-0.139,-0.668,-0.369,-0.801,-0.828,-0.61,-0.406,-0.845,-0.675,-0.647,-0.798,-0.67,-0.241,-0.562,-0.65,-0.503,-0.506,-0.277,-0.546,-0.674,-0.873,-0.594,-0.662,-0.405,-0.497,-0.32,-0.642,-0.752,-0.812,-0.552,-0.231,-0.641,-0.657,-0.735,-0.688,-0.428,-0.432,-0.515,-0.619,-0.305,-0.453,-0.798,-0.759,-0.582,-0.41,-0.478,-0.485,-0.504,-0.501,-0.888,-0.782,-0.841,-0.471,-0.507,-0.697,-0.943,-0.396,-0.949,-1.08,-0.718,-0.851,-0.512,-0.551,-0.54,-0.576,-0.53,-0.646,-0.189,-0.152,-0.512,-0.357,-0.62,-0.581,-0.57,-0.669,-0.264,-0.383,-0.726,-0.62,-0.674,-0.668,-0.866,-0.425,-0.711,-0.741,-0.841,-0.542,-0.705,-0.572,-0.968,-0.318,-0.582,-0.761
04/01/2009,-0.474,-0.624,-0.556,-0.55,-0.722,-0.066,-0.49,-0.672,-0.597,-0.251,-0.737,-0.516,-0.449,-0.667,-0.78,-0.534,-0.846,-0.706,-0.805,-0.243,-0.611,-0.69,-0.505,-0.506,-0.317,-0.59,-0.746,-0.905,-0.687,-0.745,-0.522,-0.561,-0.352,-0.768,-0.684,-0.903,-0.608,-0.326,-0.707,-0.61,-0.729,-0.522,-0.36,-0.266,-0.643,-0.513,-0.411,-0.223,-0.372,-0.634,-0.475,-0.512,-0.46,-0.321,-0.117,-0.262,-0.761,-0.618,-0.805,-0.795,-0.465,-0.625,-0.849,-0.587,-0.671,-0.958,-0.765,-0.841,-0.659,-0.3,-0.525,-0.778,-0.501,-0.458,-0.328,0.031,-0.554,-0.594,-0.31,-0.615,-0.634,-0.767,-0.364,-0.333,-0.877,-0.546,-0.461,-0.668,-0.827,-0.185,-0.709,-0.715,-0.516,-0.282,-0.714,-0.68,-0.801,-0.573,-0.582,-0.77
05/01/2009,-0.702,-1.006,-0.573,-0.631,-0.708,-0.48,-0.791,-0.788,-0.733,-0.66,-0.671,-0.675,-0.876,-0.743,-0.81,-0.861,-0.856,-0.729,-0.656,-0.539,-0.77,-0.67,-1.093,-0.506,-0.492,-0.66,-1.149,-1.02,-0.72,-0.645,-0.593,-0.497,-0.52,-0.545,-0.805,-0.863,-0.707,-0.516,-0.884,-0.41,-0.72,-0.724,-0.714,-0.543,-0.805,-0.783,-0.562,-0.742,-0.747,-0.77,-0.728,-0.616,-1.026,-0.617,-0.537,-0.491,-0.719,-0.821,-0.649,-1.042,-0.697,-0.642,-0.961,-0.82,-0.825,-1.055,-0.648,-0.837,-0.431,-1.097,-0.754,-0.509,-0.452,-0.682,-0.573,-0.193,-0.606,-0.64,-0.776,-0.826,-0.541,-0.805,-0.595,-0.647,-0.815,-0.791,-0.917,-0.668,-0.764,-0.786,-0.544,-0.749,-0.642,-0.541,-0.783,-1.235,-0.94,-0.889,-0.582,-0.692
06/01/2009,-0.695,-0.693,-0.404,-0.485,-0.786,-0.517,-0.607,-0.268,-0.832,-0.087,-0.7,-0.295,-0.686,-0.358,-0.748,-0.56,-0.778,-0.85,-0.761,-0.169,-0.828,-0.591,-0.555,-0.506,-0.483,-0.655,-0.889,-0.95,-0.305,-0.505,-0.569,-0.394,-0.223,-0.872,-0.819,-0.89,-0.985,-0.275,-0.889,-0.734,-0.741,-0.284,-0.67,-0.667,-0.351,-0.849,-0.274,-0.713,-0.545,-0.703,-0.495,-0.509,-0.968,-0.672,-0.269,-0.234,-0.84,-0.734,-0.605,-0.889,-0.934,-0.686,-0.922,-0.31,-0.749,-0.988,-0.613,-0.735,-0.162,-0.655,-0.826,-0.538,-0.561,-0.794,-0.278,-0.384,-0.679,-0.606,-0.989,-0.696,-0.504,-0.603,-0.345,-0.699,-0.937,-0.698,-0.92,-0.668,-0.834,-1.195,-0.545,-0.659,-0.423,-0.5,-0.648,-0.903,-1.165,-0.995,-0.582,-0.852
07/01/2009,-0.199,-0.557,-0.263,-0.499,-0.75,-0.615,-0.695,-0.313,-0.863,-0.305,-0.624,-0.162,-0.471,-0.154,-0.698,-0.691,-0.849,-0.518,-0.904,-0.081,-0.663,-0.689,-0.782,-0.506,-0.326,-0.613,-0.712,-1.06,-0.584,-0.374,-0.623,-0.317,-0.047,-0.912,-0.727,-0.702,-0.823,-0.429,-0.661,-0.611,-0.733,-0.171,-0.673,-0.196,-0.469,-0.526,-0.433,-0.856,-0.555,-0.815,-0.554,-0.307,-0.986,-0.848,-0.094,-0.33,-0.802,-0.476,-0.944,-0.728,-0.909,-0.711,-1.015,-0.496,-0.825,-0.936,-0.74,-0.822,-0.413,-0.535,-0.774,-0.332,-0.509,-0.878,-0.326,-0.344,-0.523,-0.556,-1.174,-0.626,-0.526,-0.596,-0.426,-0.676,-1.003,-0.78,-0.849,-0.668,-0.835,-1.013,-0.586,-0.607,-0.413,-0.636,-0.838,-0.893,-1.175,-0.916,-0.582,-0.816
08/01/2009,-0.662,-0.651,-0.481,-0.506,-0.854,-0.747,-0.721,-0.366,-0.74,-0.591,-0.596,-0.396,-0.923,-0.146,-0.554,-0.601,-0.748,-0.819,-0.656,-0.32,-1.001,-0.905,-0.762,-0.506,-0.511,-0.598,-1.06,-1.018,-0.351,-0.401,-0.617,-0.488,-0.272,-0.802,-0.805,-0.928,-0.86,-0.477,-0.628,-0.864,-0.732,-0.674,-0.787,-0.479,-0.472,-0.797,-0.511,-0.817,-0.435,-0.552,-0.604,-0.455,-0.896,-0.809,-0.149,-0.415,-0.538,-0.737,-0.883,-0.855,-0.728,-0.59,-0.858,-0.783,-0.509,-0.954,-0.641,-0.859,-0.72,-0.76,-0.816,-0.609,-0.591,-1.136,-0.401,-0.324,-0.645,-0.638,-0.901,-0.513,-0.628,-0.647,-0.439,-0.569,-0.86,-0.705,-0.934,-0.668,-0.841,-1.217,-0.559,-0.693,-0.484,-0.618,-0.854,-0.457,-0.985,-0.467,-0.582,-0.813
09/01/2009,-0.368,-0.755,-0.33,-0.617,-0.867,-0.505,-0.505,0.016,-0.442,-0.34,-0.613,-0.152,-0.661,-0.227,-0.665,-0.705,-0.63,-0.472,-0.763,-0.046,-0.585,-0.667,0.519,-0.506,-0.372,-0.605,-0.292,-0.918,-0.63,-0.217,-0.353,-0.779,-0.184,-0.738,-0.822,-0.756,-0.008,-0.412,-0.653,-0.725,-0.734,-1.177,-0.236,-0.529,-0.398,-0.79,-0.432,-0.161,-0.3,-0.815,-0.73,-0.535,-0.785,-0.636,-0.414,-0.388,-0.683,-0.377,-0.434,-0.676,-0.582,-0.532,-0.953,-0.553,-0.746,-0.768,-0.736,-0.937,-0.392,-0.353,-0.62,-0.713,-0.692,-0.729,-0.188,-0.743,-0.58,-0.674,-0.249,-0.4,-0.563,-0.519,-0.276,-0.156,-0.635,-0.643,-0.667,-0.668,-0.826,-0.637,-0.514,-0.724,-0.627,-0.335,-0.841,-0.384,-0.688,-0.598,-0.582,-0.703
10/01/2009,0.149,-0.67,-0.304,-0.633,-0.718,-0.295,-0.481,-0.538,-0.382,-0.237,-0.319,-0.13,-0.338,-0.343,-0.786,-0.816,-0.51,-0.752,-0.665,-0.101,-0.585,-0.645,0.063,-0.506,-0.535,-0.531,-0.371,0.01,-0.335,-0.298,-0.393,-0.658,-0.481,-0.532,-0.432,-0.886,-0.377,-0.351,-0.531,-0.652,-0.744,-0.094,-0.133,-0.568,-0.195,-0.668,-0.351,0.022,-0.053,-0.669,-0.598,-0.554,-0.342,-0.605,-0.42,-0.309,-0.725,-0.489,-0.652,-0.774,-0.573,-0.41,-1.005,-0.817,-0.642,-0.615,-0.723,-0.606,-0.343,-0.259,-0.285,-0.449,-0.732,-0.621,-0.126,-0.818,-0.706,-0.593,-0.03,-0.517,-0.551,-0.724,-0.164,-0.24,-0.498,-0.634,-0.901,-0.668,-0.798,-0.036,-0.66,-0.614,-0.421,-0.117,-0.723,-0.427,-0.642,-0.476,-0.582,-0.699
11/01/2009,-0.532,-0.743,-0.588,-0.55,-0.912,-0.595,-0.519,-0.573,-0.522,-0.289,-0.665,-0.479,-0.479,-0.57,-0.711,-0.81,-0.728,-0.825,-0.737,-0.374,-0.548,-0.658,-0.45,-0.506,-0.571,-0.523,-0.475,-0.742,-0.477,-0.538,-0.408,-0.762,-0.587,-0.68,-0.736,-0.883,-0.739,-0.512,-0.864,-0.693,-0.744,-0.446,-0.56,-0.699,-0.857,-0.683,-0.496,-0.394,-0.632,-0.629,-0.624,-0.526,-0.322,-0.784,-0.713,-0.746,-0.848,-0.162,-0.545,-0.718,-0.771,-0.407,-1.063,-0.926,-0.393,-0.891,-0.618,-0.764,-0.401,-0.505,-1.104,-0.85,-0.866,-0.657,-0.567,-0.893,-0.713,-0.636,-0.175,-1.004,-0.679,-1.008,-0.382,-0.474,-0.483,-0.595,-1.33,-0.668,-0.776,-0.145,-0.857,-0.553,-0.698,-0.048,-0.83,-0.426,-0.541,-0.515,-0.582,-0.719
12/01/2009,-1.008,-0.945,-0.863,-0.773,-0.975,-1.066,-0.506,-0.617,-0.747,-0.679,-0.614,-0.538,-0.886,-0.744,-0.806,-0.902,-1.022,-0.555,-0.703,-0.844,-0.704,-0.677,-0.729,-0.506,-0.95,-0.821,-1.061,-0.807,-0.855,-1.531,-0.564,-0.878,-0.675,-0.666,-0.634,-0.836,-1.161,-0.805,-1.165,-0.828,-0.715,-0.968,-0.796,-1.084,-1.284,-0.788,-0.823,-0.558,-0.682,-0.917,-0.732,-0.804,-1.325,-0.992,-0.953,-0.803,-0.861,-0.574,-1.124,-1.468,-0.723,-1.03,-0.951,-1.128,-0.717,-0.857,-0.569,-0.728,-0.762,-0.915,-1.026,-0.782,-1.067,-1.451,-0.611,-1.169,-0.878,-0.77,-0.662,-1.34,-0.757,-0.93,-0.613,-0.884,-0.911,-0.841,-1.44,-0.668,-0.711,-0.76,-0.956,-0.741,-0.642,-0.205,-0.967,-0.747,-0.539,-0.677,-0.582,-0.801
01/01/2010,-0.895,-0.841,-0.654,-0.778,-0.932,-0.965,-0.43,-0.773,-0.544,-0.601,-0.663,-0.401,-0.521,-0.686,-0.89,-1.036,-0.6,-0.641,-0.813,-0.656,-0.775,-0.736,-0.508,-0.506,-0.758,-0.59,-0.875,-1.007,-0.619,-0.833,-0.491,-0.738,-0.807,-0.494,-0.819,-0.845,-0.673,-0.55,-0.637,-0.736,-0.768,-1,-0.717,-0.393,-0.84,-1.017,-0.544,-0.651,-0.502,-0.866,-0.635,-0.29,-0.656,-0.81,-0.51,-0.611,-0.666,-0.864,-0.664,-0.582,-0.722,-0.877,-0.931,-0.869,-0.782,-1.055,-0.654,-0.706,-0.345,-0.908,-0.417,-0.843,-0.803,-1.102,-0.46,-1.322,-0.617,-0.562,-0.799,-0.991,-0.637,-0.679,-0.346,-0.636,-0.599,-0.656,-1.166,-0.668,-0.906,-0.903,-0.624,-0.562,-0.704,-0.469,-0.813,-0.735,-0.58,-0.403,-0.582,-0.679
02/01/2010,-0.481,-0.628,-0.529,-0.491,-0.758,-0.371,-0.245,-0.297,-0.507,-0.017,-0.58,-0.039,-0.35,-0.447,-0.817,-0.838,-0.456,-0.868,-0.762,-0.21,-0.57,-0.614,-0.212,-0.506,-0.598,-0.435,-0.282,-0.985,-0.519,-0.743,0.223,-0.864,-0.546,-0.75,-0.777,-0.795,-0.334,-0.198,-0.663,-0.514,-0.747,-0.835,-0.072,-0.507,-0.507,-0.565,-0.166,0.399,-0.399,-0.877,-0.578,-0.118,-0.035,-0.673,-0.004,-0.219,-0.654,-0.028,-0.097,-0.351,-0.737,-0.345,-0.928,-0.405,-0.296,-1.05,-0.677,-0.722,-0.167,-0.428,-0.535,-0.546,-0.825,-1.013,-0.23,-1.201,-0.588,-0.569,-0.612,-0.497,-0.609,-0.336,-0.224,-0.183,-0.481,-0.519,-1.212,-0.668,-0.867,-0.224,-0.807,-0.603,-0.625,-0.357,-0.739,-0.583,-0.7,-0.784,-0.582,-0.606
03/01/2010,-0.503,-0.452,-0.562,-0.505,-0.624,-0.353,0.023,-0.214,-0.513,0.196,-0.613,-0.355,-0.089,-0.382,-0.752,-0.742,-0.499,-0.761,-0.766,0.06,-0.316,-0.504,-0.032,-0.506,-0.596,-0.463,-0.039,-0.638,-0.263,-0.331,-0.314,-0.619,-0.355,-0.707,-0.571,-0.742,-0.509,-0.012,-0.407,-0.516,-0.728,-0.436,-0.328,-0.295,-0.111,-0.7,0.011,-0.164,-0.326,-0.684,-0.601,-0.394,-0.318,-0.524,0.109,-0.142,-0.621,-0.168,-0.228,-0.582,-0.863,-0.222,-0.764,-0.49,-0.606,-0.815,-0.626,-0.65,-0.244,-0.386,-0.491,-0.732,-0.611,-0.461,-0.156,-1.02,-0.502,-0.472,-0.392,-0.351,-0.536,-0.443,0.032,-0.004,-0.471,-0.506,-0.629,-0.668,-0.822,-0.317,-0.54,-0.161,-0.579,-0.33,-0.727,-0.466,-0.53,-0.285,-0.582,-0.794
04/01/2010,-0.459,-0.482,-0.446,-0.623,-0.615,-0.354,-0.064,-0.213,-0.472,0.012,-0.566,-0.074,-0.076,-0.468,-0.747,-0.565,-0.494,-0.653,-0.596,-0.003,-0.155,-0.706,-0.197,-0.506,-0.333,-0.408,0.04,-0.655,-0.423,-0.595,-0.385,-0.64,-0.48,-0.787,-0.575,-0.744,-0.607,-0.001,-0.446,-0.539,-0.718,-1.146,-0.186,-0.269,-0.078,-0.597,0.003,-0.083,-0.092,-0.782,-0.57,-0.268,-0.588,-0.529,0.133,-0.338,-0.6,-0.053,-0.479,-0.713,-0.763,0.06,-0.888,-0.703,-0.597,-0.874,-0.641,-0.75,-0.15,-0.277,-0.66,-0.466,-0.435,-0.177,-0.005,-0.676,-0.423,-0.462,-0.043,-0.621,-0.632,-0.656,-0.052,0.106,-0.483,-0.359,-0.637,-0.668,-0.801,0.055,-0.507,-0.125,-0.546,-0.405,-0.54,-0.417,-0.041,-0.496,-0.582,-0.658
05/01/2010,-0.518,-0.481,-0.347,-0.5,-0.527,-0.559,-0.283,-0.506,-0.666,-0.22,-0.5,-0.22,-0.6,-0.344,-0.743,-0.845,-0.687,-0.441,-0.636,-0.187,-0.21,-0.637,-0.372,-0.506,-0.555,-0.535,-0.468,-0.641,-0.557,-0.733,-0.53,-0.726,-0.373,-0.633,-0.674,-0.801,-0.693,-0.321,-0.773,-0.78,-0.702,-1.076,-0.372,-0.724,-0.123,-0.716,-0.316,-0.489,-0.267,-0.838,-0.697,-0.466,-0.653,-0.397,-0.47,-0.398,-0.716,-0.533,-0.545,-0.744,-0.817,-0.207,-0.86,-0.448,-0.81,-0.894,-0.743,-0.734,-0.231,-0.72,-0.65,-0.287,-0.53,-0.4,-0.372,-0.746,-0.553,-0.587,-0.401,-0.877,-0.689,-0.667,-0.283,-0.286,-0.646,-0.638,-0.954,-0.668,-0.784,-0.436,-0.45,-0.296,-0.388,-0.441,-0.494,-0.758,-0.407,-0.428,-0.582,-0.725
06/01/2010,-0.581,-0.598,-0.161,-0.454,-0.451,-0.608,-0.008,-0.392,-0.725,0.018,-0.527,0.002,-0.271,-0.379,-0.761,-0.587,-0.621,-0.572,-0.835,0.06,-0.45,-0.738,-0.065,-0.506,-0.477,-0.561,-0.044,-0.667,0.114,-0.483,-0.497,-0.524,-0.144,-0.748,-0.435,-0.597,-0.93,0.143,-0.739,-0.693,-0.728,-0.314,-0.351,0.071,0.181,-0.681,0.178,-0.742,-0.295,-0.93,-0.613,-0.469,-0.706,-0.672,-0.364,0.03,-0.57,-0.397,-0.315,-0.324,-1.049,0.028,-0.937,-0.352,-0.749,-1.029,-0.729,-0.627,-0.573,-0.417,-0.904,-0.539,-0.703,-0.627,0.033,-0.939,-0.561,-0.538,-0.929,-0.803,-0.58,-0.334,-0.145,-0.48,-0.786,-0.554,-0.713,-0.668,-0.877,-0.741,-0.405,-0.106,-0.337,-0.387,-0.78,-0.875,-0.789,-0.881,-0.582,-0.766
07/01/2010,-1.043,-0.805,-0.706,-0.655,-0.82,-1.056,-0.661,-0.742,-0.875,-0.69,-0.542,-0.657,-0.737,-0.706,-0.66,-0.853,-0.743,-0.424,-0.884,-0.752,-0.653,-0.776,-0.499,-0.506,-0.904,-0.684,-0.466,-1.3,-0.797,-0.834,-0.675,-0.886,-0.664,-0.739,-0.796,-0.799,-0.965,-0.621,-0.925,-0.715,-0.761,-0.582,-0.665,-0.625,-0.679,-0.975,-0.592,-1.049,-0.568,-0.884,-0.739,-0.578,-1.457,-0.831,-0.67,-0.597,-0.808,-0.736,-1.027,-1.542,-0.985,-0.633,-0.944,-0.649,-0.677,-0.801,-0.694,-0.835,-0.652,-0.896,-1.195,-0.392,-0.927,-0.924,-0.451,-0.983,-0.496,-0.565,-1.146,-1.082,-0.664,-0.679,-0.759,-1.09,-0.903,-0.756,-1.258,-0.668,-0.933,-1.008,-0.345,-0.583,-0.421,-0.784,-0.763,-1.062,-0.936,-1.011,-0.582,-0.848
08/01/2010,-0.979,-0.662,-0.564,-0.709,-0.653,-0.956,-0.489,-0.679,-0.797,-0.769,-0.495,-0.391,-0.455,-0.338,-0.498,-0.763,-0.734,-0.418,-0.864,-0.603,-0.674,-0.827,-0.364,-0.506,-0.946,-0.767,-0.247,-1.173,-0.468,-0.778,-0.653,-0.806,-0.662,-0.816,-0.404,-0.745,-0.81,-0.227,-0.916,-0.586,-0.753,-0.774,-0.648,-0.72,-0.404,-1.025,-0.226,-0.997,-0.81,-0.827,-0.771,-0.606,-1.323,-0.884,-0.351,-0.316,-0.66,-0.601,-1.162,-1.081,-0.999,-0.279,-0.94,-0.52,-0.599,-0.839,-0.464,-0.853,-0.88,-1.165,-0.759,-0.715,-1.065,-1.033,-0.522,-1.156,-0.553,-0.552,-1.064,-0.925,-0.673,-0.784,-0.629,-0.84,-0.842,-0.548,-1.14,-0.668,-0.962,-0.992,-0.328,-0.591,-0.431,-0.738,-0.595,-0.574,-0.815,-1.009,-0.582,-0.791
09/01/2010,-0.832,-0.672,-0.58,-0.745,-0.788,-0.722,-0.364,-0.655,-0.554,-0.519,-0.392,-0.352,-0.44,-0.85,-0.502,-0.753,-0.821,-0.65,-0.857,-0.598,-0.419,-0.523,-0.39,-0.506,-0.712,-0.553,-0.002,-1.003,-0.425,-0.825,-0.315,-0.921,-0.58,-0.849,1.136,-0.73,-0.282,-0.274,-0.827,-0.552,-0.757,-0.737,-0.217,-0.638,-0.574,-1.102,-0.319,-0.238,-0.564,-0.654,-0.676,-0.774,-1.153,-0.714,-0.884,-0.514,-0.509,-0.512,-0.918,-1.429,-0.98,-0.483,-0.969,-0.559,-0.463,-0.543,-0.647,-0.922,-0.981,-0.619,-0.842,-0.997,-1.182,-0.625,-0.285,-1.227,-0.483,-0.555,-0.569,-0.75,-0.671,-0.822,-0.389,-0.556,-0.738,-0.534,-1.175,-0.668,-0.95,-0.674,-0.581,-0.446,-0.703,-0.504,-0.507,-0.186,-0.325,-0.782,-0.582,-0.702
10/01/2010,-0.619,-0.618,-0.586,-0.673,-0.641,-0.622,-0.379,-0.821,-0.525,-0.433,0.241,-0.547,-0.469,-0.635,-0.555,-0.57,-0.748,-0.699,-0.818,-0.431,-0.457,-0.435,-0.423,-0.506,-0.66,-0.589,0.45,-0.602,-0.627,-0.527,-0.319,-0.92,-0.419,-0.669,-0.538,-0.707,-0.272,-0.453,-0.921,-0.37,-0.73,-0.824,-0.108,-0.914,-0.639,-0.775,-0.469,-0.275,-0.504,-0.647,-0.661,-0.675,-1.026,-0.776,-0.739,-0.608,-0.524,-0.122,-1.056,-1.246,-0.878,-0.303,-0.947,-0.747,-0.493,-0.643,-0.538,-0.81,-0.941,-0.401,-0.972,-0.919,-1.387,-0.377,-0.339,-1.001,-0.653,-0.631,-0.251,-1.036,-0.708,-0.796,-0.365,-0.668,-0.671,-0.449,-1.218,-0.668,-0.893,-0.333,-0.677,-0.261,-0.738,-0.513,-0.356,-0.34,-0.472,-0.75,-0.582,-0.668
11/01/2010,-0.71,-0.75,-0.531,-0.582,-0.63,-0.847,-0.52,-0.591,-0.593,-0.51,-0.426,-0.542,-0.316,-0.734,-0.731,-0.695,-0.871,-0.776,-0.958,-0.75,-0.439,-0.399,-0.675,-0.506,-0.886,-0.59,0.028,-0.735,-0.634,-1.106,-0.558,-0.762,-0.511,-0.729,-0.691,-0.506,-0.817,-0.446,-1.037,-0.39,-0.713,-1.201,-0.232,-0.551,-0.819,-0.781,-0.478,-0.168,-0.899,-0.714,-0.713,-0.709,-1.029,-0.79,-1.217,-0.777,-0.395,-0.323,-0.84,-1.244,-0.85,-0.176,-1.098,-0.887,-0.646,-0.738,-0.574,-0.839,-0.744,-0.841,-1.182,-0.877,-1.244,-0.538,-0.47,-0.894,-0.733,-0.654,-0.371,-1.318,-0.757,-0.781,-0.573,-0.802,-0.772,-0.539,-1.328,-0.668,-0.851,-0.112,-0.787,-0.193,-0.71,-0.703,-0.4,-0.373,-0.334,-0.947,-0.582,-0.771
12/01/2010,-1.046,-0.979,-0.798,-0.822,-0.907,-1.212,-0.45,-1.056,-0.77,-0.942,-0.444,-0.69,-0.976,-0.994,-0.682,-0.662,-1.079,-0.777,-0.877,-1.112,-0.649,-0.501,-0.062,-0.506,-1.062,-0.734,-0.479,-0.959,-1.052,-1.722,-0.709,-1.166,-0.938,-0.706,-0.654,-0.611,-1.345,-0.946,-1.431,-0.55,-0.673,-0.744,-0.646,-0.886,-1.021,-1.009,-0.983,-0.788,-0.914,-0.876,-0.823,-1.095,-1.466,-0.906,-1.383,-1.017,-0.564,-0.762,-0.94,-1.788,-1.038,-1.005,-0.998,-0.95,-0.677,-0.511,-0.453,-0.73,-1.118,-1.225,-1.219,-0.659,-1.659,-1.216,-0.783,-0.843,-0.879,-0.669,-1.053,-1.624,-0.86,-1.019,-0.755,-1.268,-1.201,-0.664,-1.64,-0.668,-0.779,-0.896,-0.809,-0.171,-0.634,-0.621,-0.402,-0.852,-0.584,-1.079,-0.582,-0.86
01/01/2011,-0.6,-0.705,-0.465,-0.941,-0.821,-0.765,-0.36,-0.905,-0.578,-0.819,-0.644,-0.259,-0.284,-0.713,-0.378,-0.724,-0.517,-0.446,-0.779,-1.021,-0.465,-0.594,-0.228,-0.506,-0.952,-0.622,-0.588,-0.548,-0.846,-0.541,-0.518,-1.208,-0.494,-0.516,-0.848,-0.631,-0.439,-0.356,-0.581,-0.468,-0.698,-0.813,-0.483,-0.351,-0.849,-1.32,-0.372,-0.879,-0.706,-0.37,-0.742,-0.348,-0.23,-0.607,-0.561,-0.967,-0.496,-0.614,-0.378,-0.34,-0.884,-0.464,-0.914,-0.672,-0.419,-0.379,-0.614,-0.729,-0.486,-0.976,-0.344,-0.546,-0.396,-0.623,-0.446,-0.983,-0.433,-0.489,-0.963,-0.478,-0.792,-0.594,-0.254,-0.435,-0.547,-0.421,-0.976,-0.668,-0.94,-0.667,-0.526,-0.401,-0.362,-0.423,-0.448,-0.37,-0.066,-0.384,-0.582,-0.678
02/01/2011,-0.295,-0.464,-0.277,-0.681,-0.55,-0.033,-0.262,-0.696,-0.332,-0.368,-0.638,-0.213,-0.253,-0.717,-0.576,-0.426,-0.504,-0.788,-0.83,-0.477,-0.236,-0.438,0.041,-0.506,-0.709,-0.451,0.209,-0.537,-0.337,-0.329,-0.427,-0.975,-0.195,-0.5,-0.64,-0.262,-0.086,-0.356,-0.364,-0.391,-0.657,-1.001,0.001,-0.426,-0.406,-0.746,-0.374,-0.109,-0.62,-0.359,-0.564,-0.22,-0.191,-0.287,-0.314,-0.618,-0.591,0.151,-0.119,-0.502,-0.737,-0.612,-0.961,-0.314,-0.264,-0.175,-0.627,-0.671,-0.485,-0.404,-0.629,-0.863,-0.59,-0.391,-0.147,-0.307,-0.341,-0.532,-0.426,-0.036,-0.739,-0.646,-0.055,0.015,-0.468,-0.285,-0.745,0.098,-0.913,-0.073,-0.45,-0.333,-0.565,-0.471,-0.486,-0.342,-0.006,-0.726,-0.582,-0.423
03/01/2011,-0.416,-0.485,-0.26,-0.624,-0.461,-0.122,-0.104,-0.536,-0.475,-0.312,-0.634,-0.315,-0.453,-0.553,-0.48,-0.475,-0.476,-0.687,-0.648,-0.273,-0.039,-0.474,0.084,-0.506,-0.421,-0.387,0.071,-0.491,-0.04,0.011,-0.265,-0.871,-0.277,-0.713,-0.633,-0.222,-0.283,-0.242,-0.245,-0.277,-0.621,-0.649,0.007,-0.525,-0.377,-0.827,-0.275,-0.383,-0.455,-0.382,-0.469,-0.052,-0.026,-0.361,-0.121,-0.462,-0.267,-0.187,0.176,-0.095,-0.812,-0.294,-0.855,-0.193,-0.419,-0.259,-0.598,-0.594,-0.531,-0.068,-0.235,-0.779,-0.519,0.095,0.009,-0.546,-0.051,-0.402,-0.255,-0.078,-0.667,-0.443,0.174,0.191,-0.492,-0.179,-0.536,0.026,-0.907,-0.08,-0.333,-0.344,-0.647,-0.462,-0.421,-0.228,-0.215,-0.383,-0.582,-0.252
04/01/2011,-0.374,-0.61,-0.321,-0.631,-0.492,-0.209,-0.183,-0.606,-0.414,-0.421,-0.652,-0.185,-0.061,-0.786,-0.613,-0.457,-0.613,-0.557,-0.688,-0.389,-0.13,-0.462,-0.147,-0.506,-0.868,-0.429,0.167,-0.322,-0.115,-0.107,-0.377,-1.02,-0.222,-0.422,-0.606,-0.373,-0.367,-0.154,-0.42,-0.279,-0.564,-0.823,0.037,-0.676,-0.232,-0.822,-0.189,-0.348,-0.671,-0.301,-0.538,-0.212,-0.192,-0.337,-0.077,-0.821,-0.229,-0.471,-0.172,-0.3,-0.788,-0.259,-0.898,-0.402,-0.459,-0.128,-0.551,-0.635,-0.421,-0.548,-0.354,-0.644,-0.294,0.129,-0.31,-0.426,-0.199,-0.453,0.3,-0.108,-0.641,-0.52,0.108,0.186,-0.578,-0.202,-0.528,-0.668,-0.855,-0.103,-0.275,-0.133,-0.493,-0.469,-0.479,-0.092,-0.129,-0.199,-0.582,-0.34
05/01/2011,-0.382,-0.58,-0.324,-0.697,-0.446,-0.393,-0.356,-0.695,-0.624,-0.611,-0.622,-0.27,-0.398,-0.787,-0.414,-0.432,-0.646,-0.617,-0.617,-0.699,-0.157,-0.456,-0.276,-0.506,-0.858,-0.397,-0.532,-0.26,-0.231,-0.194,-0.555,-1.038,-0.295,-0.599,-0.514,-0.427,-0.458,-0.069,-0.582,-0.194,-0.52,-0.582,-0.289,-0.971,-0.331,-0.833,-0.091,-0.503,-0.31,-0.402,-0.589,-0.22,-0.445,-0.381,-0.126,-0.733,-0.218,-0.456,-0.246,-0.507,-0.779,-0.339,-0.923,-0.296,-0.471,-0.33,-0.428,-0.555,-0.462,-0.617,-0.459,-0.495,-0.257,0.194,-0.262,-0.022,-0.215,-0.551,0.542,-0.262,-0.759,-0.404,-0.047,-0.041,-0.615,-0.401,-0.686,-0.668,-0.827,-0.472,0.075,-0.363,-0.37,-0.431,-0.463,-0.437,-0.225,-0.505,-0.582,-0.345
06/01/2011,-0.293,-0.487,-0.002,-0.565,-0.398,-0.471,-0.137,-0.38,-0.661,-0.185,-0.51,-0.029,-0.16,-0.298,-0.178,-0.316,-0.549,-0.359,-0.615,-0.315,-0.38,-0.408,-0.282,-0.506,-0.465,-0.504,-0.247,-0.269,0.126,-0.022,-0.379,-0.662,-0.073,-0.697,-0.469,-0.331,-0.554,-0.056,-0.674,-0.197,-0.505,-0.492,-0.225,-0.523,-0.057,-0.848,-0.065,-0.448,-0.645,-0.228,-0.561,-0.023,-0.746,-0.468,0.137,-0.403,-0.209,-0.45,-0.162,-0.535,-0.925,-0.373,-0.825,-0.143,-0.412,-0.396,-0.378,-0.557,-0.537,-0.274,-0.187,-0.4,-0.319,0.187,-0.078,-0.444,-0.161,-0.477,-0.465,-0.067,-0.619,-0.269,0.027,-0.264,-0.602,-0.426,-0.488,0.265,-0.795,-0.618,0.059,-0.119,-0.587,-0.585,-0.416,-0.497,-0.546,-0.574,-0.582,-0.499
07/01/2011,-0.29,-0.539,-0.371,-0.54,-0.597,-0.753,-0.331,-0.605,-0.798,-0.431,-0.485,-0.065,-0.429,-0.444,-0.188,-0.356,-0.764,-0.253,-0.673,-0.596,-0.434,-0.394,-0.16,-0.506,-0.781,-0.495,-0.478,-0.421,-0.34,-0.408,-0.627,-0.646,-0.32,-0.376,-0.715,-0.331,-0.684,-0.402,-0.531,-0.288,-0.454,-0.507,-0.364,-0.714,-0.421,-0.672,-0.427,-0.743,-0.608,-0.348,-0.521,-0.328,-0.849,-0.628,0.006,-0.641,-0.292,-0.55,-0.262,-0.661,-0.783,-0.733,-0.841,-0.141,-0.339,-0.223,-0.431,-0.632,0.061,-0.293,-0.507,-0.33,-0.377,-0.01,-0.335,-0.469,-0.099,-0.491,-0.645,-0.222,-0.682,-0.567,-0.204,-0.548,-0.747,-0.442,-0.473,0.074,-0.708,-0.835,0.004,-0.207,-0.2,-0.402,-0.481,-0.263,-0.606,-0.831,-0.582,-0.339
08/01/2011,-0.46,-0.597,-0.28,-0.497,-0.48,-0.712,-0.213,-0.303,-0.499,-0.227,-0.407,0.073,-0.139,-0.227,-0.229,-0.29,-0.611,-0.245,-0.651,-0.536,-0.435,-0.441,-0.354,-0.506,-0.712,-0.509,-0.527,-0.276,-0.124,-0.4,-0.617,-0.652,-0.197,-0.576,-0.68,-0.282,-0.734,-0.004,-0.441,-0.196,-0.394,-0.485,-0.364,-0.601,-0.077,-0.703,0.002,-0.74,-0.555,-0.209,-0.528,-0.407,-0.647,-0.504,-0.285,-0.407,-0.069,-0.306,0.004,-0.613,-0.572,-0.543,-0.501,-0.319,-0.34,-0.237,-0.494,-0.636,-0.419,-0.616,-0.254,-0.234,-0.293,-0.103,-0.163,-0.731,-0.282,-0.448,-0.391,-0.028,-0.655,-0.361,-0.134,-0.289,-0.593,-0.391,-0.145,-0.007,-0.631,-0.949,0.053,-0.351,-0.285,-0.313,-0.433,-0.206,-0.236,-0.755,-0.582,-0.116
09/01/2011,-0.263,-0.439,-0.262,-0.48,-0.481,-0.466,-0.247,-0.442,-0.136,-0.2,-0.398,0.023,0.006,-0.388,-0.374,-0.067,-0.545,-0.355,-0.505,-0.363,-0.088,-0.49,-0.158,-0.506,-0.804,-0.466,-0.218,-0.113,-0.062,-0.273,-0.438,-0.74,-0.282,-0.381,-0.583,-0.26,0.239,-0.008,-0.404,-0.008,-0.415,-0.721,0.145,-0.602,-0.183,-0.846,-0.011,0.052,-0.224,-0.29,-0.605,-0.279,-0.251,-0.349,-0.406,-0.488,0.27,0.135,0.063,-0.264,-0.398,-0.523,-0.608,-0.381,-0.373,0.056,-0.392,-0.614,-0.224,-0.129,-0.303,-0.156,-0.415,0.137,-0.067,-0.859,-0.278,-0.446,0.113,0.282,-0.692,-0.448,0.158,0.264,-0.491,-0.276,0.149,-0.668,-0.669,-0.522,0,-0.169,-0.398,-0.238,-0.351,0.202,-0.035,-0.45,-0.582,-0.061
10/01/2011,-0.081,-0.455,-0.231,-0.456,-0.432,-0.328,-0.281,-0.466,0.353,-0.028,0.021,-0.061,-0.265,-0.542,-0.361,-0.422,-0.488,-0.323,-0.52,-0.277,0.039,-0.327,-0.058,-0.506,-0.885,-0.311,-0.255,0.334,-0.203,-0.154,-0.357,-0.696,-0.27,-0.415,-0.475,-0.269,0.142,-0.447,-0.49,0.026,-0.398,-0.613,0.391,-0.701,-0.525,-0.696,-0.494,0.488,0.107,-0.171,-0.551,-0.305,0.166,-0.28,-0.327,-0.528,0.271,0.131,0.182,-0.191,-0.451,-0.322,-0.682,-0.417,-0.21,0.249,-0.301,-0.68,-0.267,-0.283,-0.227,-0.185,-0.5,0.472,0.077,-0.767,-0.391,-0.447,0.46,0.057,-0.138,-0.454,0.181,0.1,-0.278,-0.048,0.016,0.37,-0.639,-0.183,-0.143,-0.105,-0.323,-0.411,-0.239,0.342,-0.053,-0.507,-0.177,0.028
11/01/2011,-0.195,-0.406,-0.307,-0.307,-0.691,-0.468,-0.356,-0.651,0.039,-0.209,-0.421,-0.223,-0.135,-0.586,-0.451,-0.351,-0.678,-0.548,-0.512,-0.543,-0.007,-0.396,0.017,-0.506,-0.812,-0.323,-0.512,-0.118,-0.363,-0.603,-0.397,-0.721,-0.246,-0.374,-0.439,-0.368,-0.28,-0.621,-0.671,0.085,-0.382,-0.868,0.012,-0.929,-0.763,-0.333,-0.666,0.087,-0.43,-0.259,-0.41,-0.299,-0.109,-0.364,-0.66,-0.716,0.132,-0.407,0.035,-0.49,-0.461,-0.477,-0.637,-0.724,-0.211,0.005,-0.326,-0.683,-0.398,-0.122,-0.508,-0.076,-0.218,0.208,-0.274,-0.833,-0.352,-0.411,0.322,-0.402,-0.417,-0.401,-0.006,0.013,-0.467,0.117,-0.201,-0.044,-0.593,-0.096,-0.254,-0.102,-0.297,0.341,-0.179,-0.154,0.015,-0.471,-0.582,0.019
12/01/2011,-0.889,-0.625,-0.617,-0.674,-0.838,-0.98,-0.536,-0.846,-0.305,-0.95,-0.445,-0.553,-0.57,-0.774,-0.523,-0.339,-0.943,-0.234,-0.58,-1.157,-0.237,-0.626,-0.534,-0.506,-1.209,-0.552,-0.979,-0.08,-0.733,-1.159,-0.67,-0.94,-0.699,-0.108,-0.564,-0.42,-0.89,-0.982,-0.771,-0.117,-0.324,-1.108,-0.533,-0.914,-1.213,-0.863,-1.049,-0.694,-0.627,-0.648,-0.59,-0.563,-0.714,-0.454,-1.126,-1.114,-0.339,-0.761,-0.192,-0.529,-0.369,-0.833,-0.573,-0.62,-0.44,0.075,-0.321,-0.622,-0.416,-0.806,-0.683,-0.147,-0.691,-0.397,-0.553,-0.929,-0.526,-0.461,-0.428,-0.674,-0.584,-0.629,-0.491,-0.664,-0.995,-0.131,-0.589,-0.09,-0.482,-0.81,-0.326,-0.335,-0.186,-0.35,-0.244,-0.251,0.069,-0.795,-0.582,-0.011
01/01/2012,-0.523,-0.441,-0.418,-0.607,-0.58,-0.682,-0.344,-0.679,-0.236,-0.682,-0.442,-0.308,-0.427,-0.446,-0.173,-0.353,-0.481,-0.105,-0.512,-0.777,-0.26,-0.514,-0.292,-0.506,-0.932,-0.356,-0.51,-0.19,-0.259,-0.468,-0.428,-0.652,-0.531,-0.068,-0.432,0.062,-0.026,-0.343,-0.181,-0.004,-0.317,-0.611,-0.359,-0.556,-0.629,-0.578,-0.413,-0.616,-0.203,-0.277,-0.432,-0.185,0.102,-0.353,-0.394,-0.662,0.039,-0.497,0.221,0.841,-0.369,0.177,-0.414,-0.628,-0.364,0.258,-0.291,-0.614,0.346,-0.558,0.192,-0.063,-0.207,0.127,-0.314,-0.827,-0.272,-0.104,-0.224,-0.193,-0.488,-0.304,-0.007,-0.142,-0.389,-0.055,0.2,0.499,-0.521,-0.727,-0.051,-0.326,0.156,-0.382,0.053,0.04,-0.053,-0.31,-0.582,0.053
02/01/2012,-0.004,-0.227,-0.099,-0.272,-0.342,-0.07,-0.211,-0.209,-0.078,0.14,-0.352,0.03,-0.226,-0.282,-0.144,-0.059,-0.341,-0.089,-0.405,-0.247,0.152,-0.314,0.005,-0.506,-0.583,-0.04,0.434,-0.103,-0.037,-0.283,-0.276,-0.504,-0.302,-0.426,-0.22,-0.042,0.185,-0.347,-0.099,0.069,-0.258,-0.516,0.287,-0.313,-0.426,-0.128,-0.386,0.146,0.027,-0.166,-0.289,-0.124,0.287,-0.075,0.075,-0.457,0.327,0.251,0.64,0.378,-0.255,0.072,-0.254,-0.258,-0.229,0.269,-0.266,-0.589,0.324,0.395,0.404,0.098,-0.189,0.505,-0.045,-0.68,-0.163,0.041,0.462,0.246,-0.442,-0.173,0.259,0.353,-0.29,0.113,0.306,0.211,-0.494,-0.262,-0.003,-0.144,-0.259,-0.338,0.241,-0.21,0.023,-0.342,-0.173,0.138
03/01/2012,-0.142,-0.139,-0.093,-0.14,-0.274,-0.105,-0.219,-0.105,-0.096,0.092,-0.215,0.002,0.108,-0.182,-0.17,0.017,-0.417,-0.178,-0.301,-0.142,0.032,-0.269,0.101,-0.506,-0.663,0.107,0.27,0.071,-0.083,-0.304,-0.406,-0.421,-0.251,-0.157,-0.198,0.004,0.235,-0.516,-0.179,0.123,-0.216,-0.506,0.185,-0.489,-0.06,-0.224,-0.552,0.023,-0.017,-0.06,-0.309,-0.043,-0.259,-0.056,0.087,-0.384,0.678,0.041,0.308,0.03,-0.252,0.138,-0.331,-0.224,-0.228,0.337,-0.287,-0.513,0.091,0.232,0.195,-0.207,-0.058,0.416,0.117,-0.352,-0.073,-0.192,0.125,0.275,-0.451,-0.106,0.195,0.383,-0.325,0.215,0.477,-0.668,-0.436,-0.267,-0.081,-0.154,-0.169,-0.406,0.297,-0.369,-0.17,-0.348,-0.071,0.088
04/01/2012,-0.077,-0.07,-0.009,-0.175,-0.386,-0.01,-0.341,-0.095,-0.021,0.096,-0.258,-0.088,-0.097,-0.172,0.02,0.124,-0.227,0.017,-0.123,-0.049,0.11,-0.363,-0.001,-0.506,-0.69,0.055,0.321,0.28,-0.251,-0.206,-0.147,-0.426,-0.08,-0.016,0.029,0.039,0.063,-0.36,-0.041,0.125,-0.079,-0.365,0.449,-0.243,-0.002,-0.154,-0.383,0.182,0.283,-0.098,-0.173,-0.203,-0.16,0.279,0.072,-0.298,0.481,0.124,0.528,-0.127,-0.174,0.229,-0.229,-0.111,-0.106,0.193,-0.184,-0.502,0.261,0.144,0.049,0.176,0.365,0.447,-0.063,0.119,0.06,-0.102,0.368,0.3,-0.445,-0.057,0.236,0.494,-0.349,0.361,0.607,-0.096,-0.257,0.155,0.139,-0.001,-0.119,-0.242,0.272,0.255,0.001,-0.009,0.026,0.112
05/01/2012,-0.142,-0.041,-0.047,-0.268,-0.268,-0.116,-0.394,0.117,-0.02,-0.009,-0.21,-0.045,-0.041,0.037,-0.009,0.115,-0.086,0.082,-0.071,-0.205,0.139,-0.177,-0.105,-0.506,-0.75,0.066,0.033,0.509,0.051,-0.146,-0.294,-0.441,-0.08,0.008,0.263,0.077,0.002,-0.104,-0.312,0.213,-0.008,-0.278,0.038,-0.181,0.323,-0.166,-0.164,-0.25,0.29,-0.18,-0.241,-0.296,-0.335,-0.088,0.133,-0.047,0.376,-0.302,0.457,-0.013,-0.209,0.279,-0.073,-0.073,-0.174,0.002,-0.063,-0.484,0.316,0.001,-0.036,0.187,0.44,0.742,-0.045,0.327,0.06,-0.157,-0.077,0.258,-0.235,0.357,0.144,0.227,-0.298,-0.039,0.334,0.274,-0.161,-0.394,0.34,0.009,-0.003,-0.528,0.233,0.104,-0.009,-0.287,-0.241,0.263
06/01/2012,-0.261,0.046,0.082,-0.16,-0.183,-0.364,-0.299,0.339,-0.242,0.024,-0.114,0.107,-0.226,0.236,0.096,-0.194,-0.25,0.41,-0.298,-0.231,-0.045,-0.248,-0.186,-0.506,-0.431,0.045,-0.015,0.36,-0.02,-0.077,-0.468,-0.228,0.167,-0.009,0.306,0.174,-0.059,-0.193,-0.303,0.229,-0.006,-0.025,0.018,-0.076,0.022,-0.484,-0.283,-0.371,0.042,-0.221,-0.329,-0.007,-0.778,-0.223,0.131,0.195,0.601,-0.407,0.287,-0.102,-0.257,0.188,0.051,0.126,0.187,0.024,-0.021,-0.43,0.224,0.041,-0.166,0.158,0.49,0.348,-0.005,-0.049,0.144,-0.149,-0.457,0.377,-0.305,0.284,0.049,-0.001,-0.44,0.053,0.446,0.159,-0.126,-0.649,0.397,0.136,0.437,-0.427,0.242,-0.432,-0.154,-0.272,0,0.153
07/01/2012,-0.17,-0.036,0.12,-0.108,-0.168,-0.405,-0.217,0.177,-0.306,-0.022,0.186,0.228,-0.157,0.155,0.109,0.127,-0.302,0.518,-0.301,0.021,-0.11,0.018,-0.074,-0.506,-0.406,0.005,-0.128,0.416,0.236,-0.157,-0.36,-0.085,0.098,0.254,0.228,0.136,-0.237,-0.306,-0.076,0.094,0.025,-0.208,0.036,-0.444,-0.066,-0.429,-0.342,-0.371,0.119,0.076,-0.235,0.067,-0.487,-0.191,0.187,0.137,0.345,-0.227,0.113,-0.106,-0.309,-0.026,-0.062,-0.107,-0.028,0.271,0.071,-0.422,0.601,0.249,-0.028,0.43,0.767,0.159,-0.067,0.282,0.163,-0.11,-0.291,0.338,-0.24,0.181,0.123,0.07,-0.51,0.055,0.017,0.251,-0.015,-0.747,0.268,-0.064,0.399,-0.385,0.332,0.005,-0.111,-0.545,-0.061,0.271
08/01/2012,0.162,0.111,0.184,-0.052,0.045,-0.324,-0.041,0.183,-0.144,0.019,0.149,0.393,0.253,0.28,0.306,0.399,-0.156,0.295,-0.06,0.02,-0.118,0.19,-0.067,-0.506,-0.11,-0.015,0.129,0.675,0.313,-0.185,-0.222,-0.288,0.094,0.08,0.236,0.255,-0.139,0.004,0.113,0.208,0.123,-0.165,-0.066,-0.387,0.284,-0.243,-0.033,-0.516,0.296,-0.136,-0.224,0.059,-0.225,-0.062,0.252,0.402,0.239,-0.3,0.762,-0.116,-0.272,0.148,0.092,0.325,0.093,0.378,0.092,-0.349,0.22,0.301,0.069,0.108,0.516,0.041,0.163,0.281,0.339,-0.089,-0.169,0.542,-0.199,0.314,0.17,0.412,-0.317,0.125,0.467,-0.08,0.043,-0.64,0.377,-0.155,0.24,-0.412,0.372,0.37,0.115,-0.406,-0.059,0.388
09/01/2012,0.011,0.051,0.093,-0.184,-0.087,-0.09,-0.332,0.186,0.159,-0.11,-0.01,0.165,0.335,0.035,-0.003,0.094,-0.053,0.222,0.017,0.05,0.397,0.158,0.407,-0.506,-0.44,0.054,0.269,0.651,-0.07,0.073,0.046,-0.388,0,0.251,0.008,0.211,1.095,0.335,0.097,0.299,0.096,-0.39,0.296,-0.458,-0.238,-0.204,0.325,0.35,0.314,-0.056,-0.084,0.016,0.369,0.064,0.049,0.195,0.558,0.503,0.596,0.2,0.044,0.02,0.156,0.013,0.442,0.559,0.046,-0.496,0.227,0.358,0.275,0.214,0.449,0.695,0.265,0.15,0.116,-0.168,0.367,0.832,0.105,0.082,0.53,0.875,-0.204,0.542,0.606,0.106,0.017,0.127,0.212,-0.032,0.137,-0.304,0.32,0.585,0.353,0.003,0.202,0.591
10/01/2012,0.195,0.191,0.337,-0.05,-0.016,0.148,0.014,0.238,0.148,0.388,0.514,0.208,0.622,0.073,0.104,0.302,-0.075,0.375,-0.077,0.38,0.348,0.582,0.353,-0.506,-0.305,0.329,0.664,0.918,0.557,0.204,0.119,-0.156,-0.015,0.135,0.363,0.347,0.567,0.373,0.017,0.491,0.13,-0.083,0.732,-0.327,0.036,0.15,0.362,0.943,0.509,-0.025,0.017,-0.113,0.372,-0.089,0.018,0.455,0.738,0.307,0.573,-0.187,0.027,0.443,0.128,0.269,0.455,0.449,0.055,-0.4,0.089,0.934,0.196,-0.173,0.133,0.415,0.388,-0.063,-0.118,-0.166,0.862,0.444,0.182,0.385,0.513,0.601,0.009,0.874,0.671,0.322,0.092,0.3,0.223,0.301,0.135,-0.297,0.587,0.508,0.263,0.119,0.281,0.403
11/01/2012,-0.17,-0.032,0.238,-0.207,-0.294,-0.281,-0.24,-0.129,-0.064,-0.2,0.219,-0.272,-0.107,0.006,0.27,0.14,-0.212,0.104,0.081,-0.219,0.334,0.567,0.223,-0.506,-0.701,0.221,0.447,0.33,0.132,-0.36,-0.056,-0.43,-0.298,0.229,0.401,0.326,-0.053,-0.024,-0.308,0.498,0.234,-0.297,0.344,-0.294,-0.501,-0.144,-0.055,0.16,0.356,-0.171,0.04,-0.298,0.03,-0.044,-0.345,-0.135,0.431,-0.116,0.168,-0.231,0.136,0.081,0.13,-0.605,0.211,0.31,0.143,-0.56,-0.06,0.176,-0.341,0.089,0.471,0.02,-0.154,-0.347,-0.243,-0.087,0.584,-0.276,0.096,-0.091,0.17,0.267,-0.249,0.698,0.125,0.081,0.257,0.032,-0.231,0.057,-0.072,-0.171,0.393,0.085,0.415,0.051,0.063,0.292
12/01/2012,-0.503,-0.252,-0.364,-0.39,-0.46,-0.696,-0.506,-0.531,-0.188,-0.798,0.411,-0.45,-0.619,-0.532,0.205,-0.18,-0.408,-0.017,0.089,-0.878,0.234,0.381,-0.284,0.288,-1.041,-0.173,-0.431,0.115,-0.41,-1.12,-0.304,-0.718,-0.557,0.509,0.119,0.017,-0.5,-0.629,-0.405,0.052,0.331,-0.924,-0.269,-0.539,-0.959,-0.704,-0.673,-0.636,0.135,-0.559,-0.05,-0.298,-0.636,-0.045,-0.889,-0.513,0.165,-0.404,0.026,-0.403,0.108,-0.397,0.104,-0.523,0.251,0.398,0.315,-0.019,0.004,-0.401,-0.562,0.208,-0.144,-0.497,-0.4,-0.161,-0.206,-0.275,-0.018,-0.642,0.093,-0.257,-0.325,-0.382,-0.786,0.568,-0.423,0.258,0.448,-0.483,-0.271,-0.135,0.217,-0.034,0.4,-0.062,0.48,-0.389,0.14,0.297
01/01/2013,0.328,0.196,0.328,-0.299,-0.063,-0.198,-0.191,-0.132,-0.033,-0.126,0.569,0.088,0.046,-0.16,0.669,0.403,0.25,0.245,0.219,-0.243,0.418,0.485,0.06,0.648,-0.549,0.317,0.284,0.1,0.236,-0.083,0.078,-0.403,-0.114,0.496,0.557,0.284,0.538,0.411,0.29,0.385,0.358,0.073,0.155,0.049,-0.031,-0.27,0.424,-0.037,0.424,0.133,0.178,0.196,0.202,0.273,0.624,0.071,0.433,-0.021,0.383,0.344,0.224,0.198,0.315,0.188,0.503,0.368,0.207,-0.088,0.775,0.208,0.686,0.166,0.375,0.078,0.298,0.094,0.059,0.031,0.19,-0.065,0.375,0.459,0.383,0.368,-0.211,0.635,0.335,0.166,0.354,-0.243,-0.092,0.187,0.341,0.002,0.779,0.426,0.342,0.439,0.317,0.499
02/01/2013,0.638,0.52,0.597,0.154,0.131,0.437,0.125,0.276,0.084,0.565,0.411,0.575,0.257,0.206,0.49,0.464,0.316,0.111,0.205,0.435,0.59,0.514,0.476,0.173,-0.103,0.607,0.855,0.173,0.26,0.171,0.383,-0.11,0.125,0.363,0.522,0.552,0.847,0.522,0.176,0.579,0.474,0.552,0.871,-0.018,0.224,0.134,0.535,0.86,0.453,0.462,0.579,0.332,0.723,0.427,0.501,0.425,0.316,0.679,0.591,0.361,0.122,0.727,0.24,0.387,0.527,0.544,0.235,-0.006,0.62,0.709,0.728,0.195,0.381,0.557,0.636,0.741,0.229,0.219,0.635,0.377,0.38,0.661,0.782,0.87,-0.101,0.705,0.621,0.375,0.455,0.502,-0.083,0.632,0.303,0.242,0.854,0.395,0.489,0.331,0.683,0.666
03/01/2013,0.432,0.489,0.539,0.204,0.249,0.386,0.174,0.295,0.121,0.599,0.614,0.534,0.052,0.248,0.692,0.664,0.259,0.292,0.485,0.424,0.595,0.55,0.243,0.638,-0.046,0.599,0.44,0.572,0.492,0.178,0.532,0.039,0.277,0.441,0.746,0.735,0.778,0.414,0.408,0.899,0.544,-0.046,0.684,0.316,0.114,0.078,0.449,0.446,0.637,0.332,0.411,0.375,0.578,0.62,0.286,0.711,0.403,0.352,0.792,0.226,0.05,0.507,0.213,0.618,0.467,0.447,0.342,-0.031,0.709,0.786,0.65,0.329,0.555,0.329,0.513,0.917,0.251,0.268,0.619,0.74,0.357,0.744,0.582,0.892,-0.162,0.764,0.881,0.551,0.583,0.301,0.119,0.599,0.254,0.269,0.785,1.155,0.362,0.326,0.566,0.663
04/01/2013,0.47,0.673,0.683,0.344,0.361,0.602,0.391,0.66,0.301,1.046,0.576,0.593,0.521,0.549,0.759,0.283,0.458,0.424,0.719,0.735,0.771,0.706,0.436,-0.506,0.07,1.024,0.913,0.863,0.716,0.575,0.41,0.168,0.594,0.574,0.694,0.836,0.715,0.798,0.368,0.994,0.71,0.266,0.822,0.885,0.492,0.319,0.855,0.639,0.668,0.272,0.729,0.442,0.613,0.799,0.787,1.015,0.804,0.231,1.216,0.385,0.201,0.93,0.579,0.469,0.551,0.401,0.469,0.187,0.675,0.987,0.528,0.466,0.904,0.727,0.773,0.878,0.467,0.308,1.089,0.595,0.492,1.124,0.796,1.281,0.008,1.057,1.152,0.593,0.753,0.705,0.267,0.617,0.434,0.269,0.945,0.874,0.677,0.353,0.283,1.017
05/01/2013,0.484,0.832,0.699,0.211,0.33,0.296,0.197,0.432,0.214,0.72,0.714,0.382,0.391,0.486,0.822,0.608,0.329,0.312,0.822,0.523,1.351,0.559,0.358,1.001,0.125,0.781,0.704,1.004,0.369,0.315,0.198,0.111,0.486,0.504,0.548,0.669,0.476,0.803,0.094,0.838,0.836,0.459,0.681,0.771,0.563,0.107,0.866,0.452,0.588,0.297,1.058,0.563,0.284,0.92,0.734,0.726,0.583,-0.113,0.903,0.401,0.181,0.599,0.852,0.517,0.727,0.313,0.513,0.632,0.505,0.706,0.415,0.432,0.965,0.796,0.395,0.573,0.432,0.187,0.675,0.589,0.486,0.927,0.593,0.861,0.557,0.696,0.643,0.925,0.873,0.12,0.322,0.975,0.504,0.198,1.024,0.532,0.718,0.318,0.681,0.822
06/01/2013,0.286,0.842,0.731,0.295,0.444,0.152,0.344,0.749,0.126,0.677,0.943,0.661,0.227,0.65,0.705,0.433,0.096,0.762,0.749,0.343,0.391,0.315,0.304,0.499,0.018,0.718,0.187,1.059,0.414,0.292,0.232,0.386,0.502,0.545,0.675,0.862,0.244,0.919,0.155,0.656,0.923,0.321,0.325,0.722,0.465,0.554,0.987,0.104,0.603,0.27,0.722,0.702,0.216,0.792,0.751,0.617,0.564,-0.026,0.619,0.181,-0.054,0.467,0.723,0.467,0.593,0.335,0.799,0.432,0.592,0.375,0.342,0.858,0.912,0.243,0.215,1.119,0.636,0.301,0.321,0.713,0.718,0.829,0.478,0.379,0.222,0.759,0.568,0.476,1.184,0.194,0.373,0.59,0.808,0.053,1.203,0.347,0.53,0.131,0.708,0.851
07/01/2013,0.361,0.963,0.889,0.486,0.709,0.262,0.559,0.78,-0.007,0.83,0.991,0.615,0.332,0.86,0.834,0.523,0.147,1.043,0.705,0.518,0.379,0.561,0.318,1.07,0.291,0.581,0.634,0.918,0.305,0.322,0.498,0.479,0.831,0.768,0.773,0.959,0.043,0.529,0.415,0.611,0.966,0.49,0.526,0.525,0.497,0.377,0.583,0.058,0.773,0.249,0.537,0.789,0.609,0.915,0.75,0.803,0.31,-0.062,0.712,0.334,0.133,0.521,0.987,0.713,0.805,0.48,0.735,0.337,0.975,0.932,0.842,1.105,0.906,0.246,0.423,0.774,0.773,0.343,0.851,0.929,0.83,0.652,0.538,0.384,-0.173,0.733,0.354,0.83,1.144,0.14,0.611,0.606,1.095,0.387,1.166,0.577,0.612,0.087,0.472,0.77
08/01/2013,0.959,0.995,0.732,0.467,0.668,0.183,0.527,0.819,0.04,0.637,0.817,0.765,0.527,0.919,1.094,0.85,0.43,1.087,0.868,0.439,0.373,0.794,0.4,0.811,0.461,0.459,0.414,1.174,0.71,0.564,0.467,0.421,0.59,0.799,0.609,0.823,0.21,0.774,0.642,0.847,1.045,0.463,0.353,0.894,0.523,0.275,0.852,0.089,1.008,0.203,0.611,0.85,0.687,0.942,0.704,0.993,0.586,0.118,0.78,0.701,0.347,0.451,1.006,0.876,0.838,0.412,0.84,0.318,0.596,0.721,0.839,0.673,0.8,0.068,0.423,0.989,0.658,0.418,0.742,0.921,0.82,1.422,0.638,0.713,0.062,0.685,0.63,1.25,1.159,0.136,0.561,0.317,1.038,0.362,0.974,1.278,0.82,0.342,0.691,0.945
09/01/2013,0.696,0.938,0.903,0.3,0.46,0.485,0.481,0.786,0.392,0.77,0.874,1.097,0.71,0.518,1.028,0.675,0.59,0.918,0.885,0.751,0.986,0.593,0.863,0.569,0.277,0.635,1.121,1.16,0.355,1.053,1.03,0.405,0.632,0.859,0.694,0.869,1.267,0.71,0.653,1.046,0.989,0.513,0.902,0.782,0.476,0.688,0.773,0.812,1.103,0.236,0.652,0.859,1.53,1.306,0.694,0.981,0.915,0.908,1.088,0.491,0.423,0.544,0.948,0.265,0.884,0.552,0.754,0.39,0.528,0.947,0.726,0.746,0.797,1.101,0.834,0.434,0.563,0.589,1.241,0.973,1.084,1.773,1.088,1.366,0.461,0.946,1.09,0.473,1.099,0.834,0.686,0.771,0.808,0.389,1.093,1.493,1.106,0.754,0.89,0.883
10/01/2013,1.073,1.285,1.095,0.908,0.822,1.056,1.001,1.064,0.809,1.457,1.03,0.89,0.798,1.012,0.951,0.978,0.893,0.911,0.847,1.411,1.671,1.084,1.065,0.376,0.829,1.088,1.287,1.637,1.049,1.394,1.087,1.118,0.851,0.951,0.833,1.002,1.211,1.019,0.613,1.185,1.017,0.972,1.559,0.878,0.898,0.749,1.087,1.557,1.354,0.41,1.042,0.766,1.676,1.339,1.064,1.356,0.817,1.788,1.175,0.765,0.736,1.028,1.058,1.04,0.885,0.803,0.83,0.677,0.63,1.542,0.983,0.625,0.806,1.337,1.213,0.394,0.452,0.584,1.463,0.871,0.95,1.922,1.277,1.335,0.802,0.873,1.088,0.998,1.133,1.209,0.816,1.175,0.632,0.59,1.097,1.47,1.071,1.543,0.884,0.929
11/01/2013,1.273,1.044,0.796,0.728,0.724,0.835,0.447,0.71,0.63,0.878,0.827,0.826,0.45,0.845,0.91,0.783,0.573,0.704,1.052,0.921,1.201,0.679,0.489,0.145,0.582,0.765,0.901,1.255,0.576,0.787,0.82,0.457,0.728,0.868,0.706,0.699,0.568,0.302,0.364,0.749,1.142,0.502,1.165,0.946,0.674,0.562,0.363,1.086,0.827,0.151,1.156,0.613,1.526,1.21,0.551,0.593,1.069,0.841,1.026,0.926,1.213,0.358,1.103,0.652,0.866,0.851,0.906,0.462,0.712,0.794,0.712,0.901,1.098,0.889,0.662,0.451,0.378,0.476,1.392,0.314,0.662,1.386,0.964,1.181,0.515,0.866,0.577,0.77,1.365,1.309,0.48,0.944,0.939,0.614,1.068,1.272,1.413,0.719,0.946,0.874
12/01/2013,0.415,0.573,0.55,0.394,0.343,0.243,0.189,0.157,0.353,0.091,0.963,0.245,0.093,0.559,0.862,0.382,0.182,0.709,1.153,0.021,0.976,0.544,0.306,0.575,0.183,0.239,0.14,1.059,0.309,-0.374,0.422,0.309,0.35,0.913,0.673,0.607,0.054,-0.238,0.026,0.528,1.258,0.5,0.269,0.386,-0.219,0.196,-0.208,0.072,0.429,-0.158,1.014,0.575,0.503,1.2,0.144,0.244,0.381,0.344,0.244,0.436,1.197,-0.07,0.801,0.06,0.802,0.59,1.005,0.685,0.504,0.435,0.387,0.992,0.575,0.012,0.277,0.465,0.22,0.262,0.669,-0.194,0.848,0.889,0.28,0.465,-0.081,0.74,-0.092,0.517,1.528,0.785,0.532,0.425,0.854,0.427,0.899,1.132,1.372,0.287,0.327,0.709
01/01/2014,0.599,1.03,1.064,0.683,0.784,0.706,0.6,0.963,0.685,0.829,1.017,1.078,0.62,0.704,1.104,0.847,1.249,1.105,0.953,0.65,0.9,0.762,0.753,0.539,0.919,0.869,0.664,0.745,1.073,0.796,0.88,0.603,0.668,0.542,1.096,0.908,1.922,0.782,0.982,0.901,1.18,0.975,0.643,1.158,0.711,0.41,0.847,0.436,1.174,0.561,1.174,1.119,1.246,1.649,0.819,1.072,0.575,0.512,0.811,1.293,1.213,0.801,1.147,1.063,0.931,0.536,0.929,0.831,1.07,0.816,1.461,1.093,1.035,0.768,0.983,0.644,0.661,0.848,0.596,0.668,1.028,1.734,0.986,1.025,0.436,0.97,0.648,0.898,1.296,1.095,0.969,1.051,0.994,0.677,1.151,1.482,1.115,1.733,0.97,0.978
02/01/2014,1.224,1.323,1.349,0.976,1.131,1.38,0.918,1.196,0.962,1.373,0.968,1.323,0.756,1.124,1.099,1.314,1.554,0.867,1.008,1.524,1.295,0.764,1.199,1.094,1.005,1.48,1.526,0.791,0.881,0.966,1.363,1.08,1.121,0.778,1.075,1.103,1.832,0.889,0.949,1.104,1.152,1.371,1.491,1.562,1.056,0.902,0.97,1.474,1.32,0.553,1.448,1.402,1.812,1.736,1.032,1.434,0.981,1.29,1.186,0.941,1.121,1.095,1.173,1.148,1.057,0.579,0.788,0.939,1.124,1.832,1.23,0.909,1.005,1.166,1.649,0.839,0.832,1.114,0.978,1.348,0.971,1.773,1.414,1.611,0.68,1.16,1.352,0.85,1.177,1.412,0.75,1.72,0.9,0.886,1.066,1.132,1.081,1.473,1.302,1.218
03/01/2014,1.172,1.433,1.269,1.152,1.325,1.475,1.005,1.345,0.995,1.515,1.08,1.25,0.97,1.413,1.023,1.566,1.666,1.27,1.125,1.487,1.72,0.74,1.119,0.847,1.337,1.299,1.151,1.161,0.854,1.069,1.298,1.083,1.058,0.695,1.222,1.127,1.578,0.864,1.419,1.027,1.242,1.633,1.278,1.555,1.242,0.87,0.94,1.005,1.15,0.762,1.219,1.453,1.575,1.888,1.148,1.27,1.257,1.074,1.224,1.207,1.432,1.14,1.232,1.074,1.27,0.888,1.001,1.145,1.252,1.635,1.19,1.348,1.234,1.232,1.652,1.445,1.162,1.177,1.232,1.506,1.056,1.908,1.341,1.687,0.854,1.3,1.107,0.424,1.275,1.484,0.984,1.407,1.01,0.921,1.252,1.608,1.27,1.322,1.502,1.156
04/01/2014,1.387,1.608,1.768,1.321,1.593,1.766,1.269,1.54,1.186,1.869,1.149,1.334,1.311,1.434,1.499,1.538,1.747,1.231,1.464,1.902,1.352,1.271,1.342,0.775,1.536,1.636,1.315,1.424,1.198,1.088,1.513,1.272,1.374,0.799,1.265,1.288,1.289,1.25,1.267,1.197,1.373,1.746,1.544,1.398,1.467,1.054,1.346,1.285,1.033,0.793,1.542,1.597,1.655,1.852,1.688,1.595,1.603,1.182,1.673,1.275,1.379,1.421,1.178,1.636,1.333,0.767,0.93,1.286,1.095,1.758,1.375,1.152,1.607,1.569,1.579,1.805,1.262,1.389,1.552,1.591,1.287,2.476,1.623,1.992,0.77,1.686,1.687,1.098,1.421,1.916,1.059,1.505,1.18,2.017,1.42,1.841,1.401,1.597,1.767,1.435
05/01/2014,0.936,1.472,1.327,1.262,1.45,1.463,1.186,1.255,0.835,1.242,1.321,1.106,1.196,1.186,1.609,1.533,1.717,1.375,1.845,1.25,1.436,1.146,1.104,0.654,1.205,1.823,0.949,1.565,1.256,0.929,1.336,1.018,1.143,1.007,0.996,1.275,1.025,1.324,0.91,1.131,1.397,1.567,1.123,1.493,1.36,1.206,1.434,1.117,1.051,0.695,1.522,1.406,1.147,1.534,1.27,1.379,1.042,0.542,1.206,1.302,1.355,1.545,1.015,1.405,1.279,0.77,1.274,1.203,1.199,1.47,1.181,1.414,1.759,1.326,1.459,1.395,1.231,1.362,0.696,1.515,1.232,1.649,1.256,1.467,0.597,1.141,1.39,0.898,1.487,1.46,1.207,1.293,1.373,2.179,1.499,0.749,1.546,1.29,1.239,1.513
06/01/2014,1.001,1.865,1.496,1.438,1.815,1.42,1.421,1.755,0.91,1.504,1.524,1.569,1.287,1.792,1.828,1.484,1.42,1.78,1.308,1.429,1.051,1.601,1.359,0.63,1.584,1.366,0.959,1.618,1.718,1.381,1.572,1.3,1.457,1.491,1.315,1.507,0.84,1.354,1.09,0.865,1.449,1.719,1.413,1.67,1.488,1.064,1.463,1.356,1.266,1.018,1.053,1.612,0.654,1.274,1.516,1.779,1.061,0.565,1.192,1.321,1.059,1.619,1.041,1.958,1.417,0.553,1.304,1.411,1.423,1.594,1.131,1.755,1.815,0.987,1.518,1.053,1.378,1.487,0.788,1.403,1.46,1.866,1.345,1.098,0.58,1.411,1.287,0.932,1.534,1.309,1.287,1.418,1.787,1.966,1.499,0.752,1.649,1.036,1.436,1.184
07/01/2014,1.604,1.721,1.717,1.774,1.868,1.473,1.55,1.766,0.949,1.864,1.799,1.621,1.473,2.13,2.085,1.855,1.536,2.103,1.479,1.799,0.8,1.828,1.564,1.257,1.534,1.063,1.282,1.602,1.593,1.649,1.487,1.681,1.571,1.692,1.441,1.94,0.739,1.08,1.538,0.992,1.569,2.345,1.497,1.395,1.792,1.375,1.168,1.061,1.27,1.246,1.425,1.588,0.932,1.502,1.668,1.75,0.881,0.675,1.71,1.368,1.255,1.626,1.472,1.913,1.501,0.932,1.256,1.531,1.799,1.756,1.504,2.125,1.99,0.918,1.428,1.414,1.78,1.637,1.004,1.57,1.589,1.788,1.364,1.174,0.815,1.792,1.316,0.711,1.583,1.322,1.618,1.633,2.031,1.553,1.721,0.931,1.694,1.082,1.52,1.453
08/01/2014,0.847,1.63,1.379,1.361,1.664,1.214,1.449,1.691,1.099,1.275,1.679,1.453,1.401,1.519,1.867,1.575,1.513,1.774,1.563,1.136,1.019,1.685,1.531,1.162,1.436,1.45,1.04,1.76,1.087,1.358,1.432,1.35,1.475,1.818,1.134,1.546,0.943,1.384,1.684,0.923,1.572,1.605,0.97,1.335,1.661,0.972,1.47,0.713,1.453,0.785,1.169,1.724,0.745,1.295,1.462,1.796,1.083,0.725,1.496,1.683,1.507,1.505,1.351,1.914,1.714,0.793,1.154,1.389,1.375,1.388,1.657,1.505,1.651,0.772,1.404,1.695,1.451,1.748,1.091,1.635,1.752,1.779,1.241,1.279,0.802,1.839,1.583,1.257,1.536,1.214,1.668,1.216,1.802,1.441,1.666,1.722,1.8,1.234,1.479,1.501
09/01/2014,1.515,1.743,1.738,1.346,1.538,1.69,1.685,1.834,1.422,1.382,1.505,1.852,1.743,1.512,1.649,1.606,2.13,1.389,1.627,1.833,1.563,2.064,2.375,1.062,1.552,2.126,1.921,1.525,1.305,1.837,2.086,1.504,1.529,1.563,1.17,1.724,1.978,1.793,1.658,1.448,1.552,1.857,1.808,1.343,1.739,1.455,1.789,2.014,1.718,1.613,1.64,1.461,1.764,1.714,1.338,1.881,1.683,2.241,1.959,1.449,1.595,1.459,1.518,1.783,1.441,1.05,1.193,1.543,1.221,1.879,1.868,1.47,1.539,1.98,1.964,1.393,1.303,1.62,1.565,1.597,2.257,1.736,1.792,2.175,1.412,2.508,2.141,1.819,1.46,1.989,1.655,1.754,1.478,1.207,1.483,2.238,1.76,1.842,1.534,1.711
10/01/2014,1.795,1.797,1.871,1.749,1.774,1.989,1.831,1.947,1.61,2.116,1.938,1.891,1.996,1.72,1.557,1.78,2.049,1.556,1.636,2.21,2.592,2.335,2.193,0.977,2.169,2.19,2.29,2.061,2.176,1.989,2.319,1.543,1.81,1.336,1.414,1.794,1.689,1.823,1.546,1.486,1.64,1.607,2.335,1.513,1.864,1.975,1.718,2.298,2.089,1.229,2.014,1.552,1.982,1.499,1.398,2.005,1.663,2.785,1.92,1.685,1.841,1.929,1.383,1.805,1.382,1.621,1.44,1.672,1.134,2.273,1.694,1.553,1.351,2.073,2.299,1.027,1.291,1.732,2.485,1.274,1.658,1.912,1.919,1.88,2.083,1.897,2.029,1.77,1.604,2.438,1.553,1.96,1.636,1.158,1.591,1.895,1.699,1.829,1.564,1.55
11/01/2014,1.403,1.324,1.285,1.428,1.43,1.389,1.277,1.36,1.441,1.44,1.61,1.316,1.217,1.393,1.58,1.378,1.526,1.251,1.594,1.648,1.952,1.988,1.574,1.542,1.087,1.691,1.34,1.761,1.376,1.373,1.679,1.156,1.39,1.408,1.793,1.62,1.086,0.912,1.129,1.309,1.638,1.431,1.683,1.579,0.968,1.46,0.815,1.837,1.67,0.765,1.918,1.503,1.738,1.468,0.814,1.217,1.241,1.744,1.259,1.294,2.384,1.052,1.289,1.252,1.267,1.622,1.746,1.718,1.172,1.408,1.281,1.614,1.691,1.218,1.645,1.139,1.146,1.609,1.727,0.788,1.781,1.223,1.382,1.571,1.508,1.531,1.42,1.115,1.682,2.244,1.324,1.395,1.624,1.237,1.528,1.746,1.963,1.333,1.402,1.25
12/01/2014,0.707,1.168,1.134,1.009,1.238,0.982,1.148,1.116,1.127,0.802,1.751,1.041,0.926,0.823,1.692,1.319,1.209,1.503,1.633,0.724,1.667,1.79,1.256,1.034,0.895,1.119,0.681,1.327,0.955,0.677,1.203,0.886,1.094,1.843,1.48,1.468,0.694,0.615,1.144,0.941,1.788,0.765,0.9,1.048,0.698,0.935,0.54,0.803,1.137,0.39,1.937,1.156,1.473,1.611,0.524,0.804,1.006,1.219,0.839,1.312,2.267,0.876,1.311,1.228,1.494,1.655,1.842,1.359,1.082,0.888,1.051,1.706,1.16,0.683,1.508,1.054,1.174,1.438,1.21,0.415,1.918,1.047,0.998,0.946,0.913,1.461,0.752,1.288,1.835,1.428,1.437,1.029,1.735,1.593,1.348,1.24,2.232,1.102,1.104,1.432
01/01/2015,1.039,1.325,1.561,1.419,1.502,1.268,1.247,1.034,1.646,1.174,1.68,1.251,1.537,1.228,1.815,1.308,2.252,1.954,1.767,1.08,1.673,1.997,1.408,1.495,1.343,1.941,1.237,1.079,1.798,1.481,1.75,1.204,1.171,1.783,1.496,1.507,1.88,1.638,1.909,1.378,1.76,1.27,1.226,1.388,1.277,1.319,1.629,1.082,2.284,0.995,2.14,2.087,1.749,1.861,1.405,1.362,1.211,1.603,1.163,2.13,1.917,1.496,1.522,1.492,1.743,1.605,2.042,1.562,1.966,1.221,2.12,1.823,1.474,1.316,1.739,1.786,1.533,2.083,1.404,0.994,1.979,1.485,1.589,1.353,1.545,1.506,1.468,1.778,1.704,1.516,1.825,1.518,1.681,1.54,1.978,1.703,1.901,2.852,1.059,1.782
02/01/2015,1.891,1.993,2.1,1.924,1.91,2.163,2.095,1.937,1.959,2.173,1.972,1.879,1.82,1.885,1.719,2.1,2.056,1.617,1.813,2.252,1.745,2.155,2.068,1.623,2.127,2.743,2.42,0.861,1.997,1.539,2.198,1.804,1.637,1.672,1.794,2.073,2.039,2.2,1.8,2.016,1.852,1.887,2.385,1.533,1.899,2.004,2.143,2.556,2.481,1.517,2.292,2.005,1.832,2.058,1.995,1.73,1.821,2.543,1.694,1.696,1.903,2.234,1.438,1.98,1.619,1.47,1.978,1.867,2.07,2.064,1.985,1.859,1.4,2.082,2.309,1.367,1.743,2.334,1.618,1.657,2.067,1.623,1.808,1.848,1.706,1.72,1.663,1.84,1.673,2.183,1.978,3.294,1.888,1.746,1.668,1.72,1.841,1.694,1.964,2.221
03/01/2015,1.867,2.102,1.942,2.045,2.153,2.422,2.415,2.212,2.005,2.085,2.176,1.949,2.282,2.032,1.91,2.232,2.186,1.767,1.909,2.358,1.83,2.209,2.034,2.387,2.271,2.541,2.069,1.486,2.344,1.88,2.463,1.949,2.04,1.902,1.829,2.087,1.897,2.512,2.206,1.578,1.867,1.911,2.077,2.262,2.292,2.093,2.449,2.196,2.432,1.801,2.473,2.135,1.895,2.04,2.132,2.257,2.167,2.145,1.811,1.923,1.975,2.59,1.646,2.09,1.896,1.819,2.001,2.033,2.225,2.357,1.997,1.924,1.701,2.055,2.423,2.055,2.155,2.478,1.78,2.31,2.2,1.902,2.025,2.121,1.894,1.608,1.945,1.997,1.685,2.222,2.403,2.458,1.722,1.791,1.67,1.938,1.774,2.017,2.63,2.075
04/01/2015,2.281,2.121,2.221,2.368,2.439,2.606,2.677,2.33,2.621,2.49,2.23,2.27,2.617,2.282,2.121,2.288,2.416,1.903,2.195,2.734,1.777,2.306,1.965,2.632,2.497,2.535,2.357,1.801,2.405,1.909,2.419,2.21,2.35,2.123,2.526,2.331,1.825,2.218,2.117,1.914,2.035,1.779,2.535,2.291,2.358,2.224,2.107,2.651,2.523,2.051,2.631,2.455,1.947,2.078,2.546,2.234,2.511,2.127,2.346,1.978,2.014,2.806,1.998,2.18,1.986,1.849,1.985,2.298,1.973,2.28,2.17,1.981,2.081,2.199,2.62,2.514,2.213,2.524,1.813,2.087,2.175,1.807,2.078,2.493,1.86,2.324,2.349,2.711,1.755,2.426,2.552,2.621,2.269,1.646,1.769,1.881,1.888,2.061,2.252,2.38
05/01/2015,1.615,2.13,1.962,2.172,2.28,2.045,2.238,1.976,2.091,1.804,2.207,1.826,2.208,2.106,2.015,2.037,2.394,2.239,2.636,1.779,1.949,2.213,1.833,2.441,1.897,2.138,1.576,1.787,2.011,1.9,2.182,1.987,2.086,2.433,2.759,2.078,1.589,2.246,1.811,2.145,2.087,1.39,1.71,2.333,2.07,1.864,2.26,1.826,2.577,1.797,2.222,2.372,1.082,2.012,2.255,1.741,2.353,1.619,1.891,1.844,2.045,2.168,1.84,1.933,2.142,2.143,2.406,1.957,2.021,1.762,2.104,2.131,2.297,2.196,1.961,2.46,2.445,2.31,1.261,2.006,2.17,1.692,1.725,1.926,2.052,1.824,1.89,2.573,1.967,1.938,2.467,2.637,2.185,1.785,2.041,1.129,1.983,1.347,1.78,1.994
06/01/2015,2.379,2.63,2.797,2.763,2.703,2.423,3.053,2.913,2.356,2.66,2.282,2.631,2.537,2.917,2.465,2.204,2.112,2.368,2.223,2.575,1.473,2.448,2.298,3.032,3.102,2.046,2.118,1.962,2.783,2.448,2.605,2.953,2.839,2.312,2.38,2.584,1.615,2.437,2.049,2.547,2.102,2.687,2.213,2.907,2.86,2.439,2.477,2.051,1.985,2.293,2.057,2.272,1.55,1.97,2.69,2.604,1.663,2.447,1.982,2.141,1.856,2.853,1.802,2.986,2.255,1.919,2.181,2.75,2.096,1.945,2.49,2.364,2.323,1.517,2.425,2.619,3.034,2.683,1.466,2.225,2.309,2.034,2.125,1.697,2.24,2.168,2.025,2.758,1.811,2.24,2.864,2.396,2.541,2.022,2.075,1.221,1.928,1.654,2.821,2.349
07/01/2015,2.532,2.586,2.658,3.243,3.05,2.768,2.911,3.131,2.374,2.706,2.301,2.752,2.644,3.493,2.659,2.738,1.991,2.72,2.281,2.539,1.691,2.57,2.285,2.53,3.21,1.654,2.045,2.256,2.78,2.835,2.433,3.443,3.286,2.91,2.878,2.786,1.698,1.88,2.655,2.45,2.292,2.239,2.469,3.212,2.822,2.93,1.913,2.257,1.435,3.163,1.957,2.807,1.78,2.175,2.718,2.654,1.848,2.547,2.29,2.554,2.106,2.615,2.081,2.884,2.712,2.281,2.45,2.763,2.771,2.173,2.469,2.517,2.662,1.874,2.406,2.906,3.827,2.882,1.821,2.663,2.574,2.151,2.456,1.843,2.242,2.312,2.103,2.448,1.915,2.217,2.889,2.176,2.847,2.248,2.178,1.644,2.186,1.575,3.213,2.132
08/01/2015,2.14,2.537,2.614,3.024,2.764,2.447,2.924,2.482,2.416,2.064,2.259,2.595,2.389,2.794,2.611,2.547,2.408,2.724,2.404,2.15,2.086,2.539,2.094,3.446,2.896,2.175,1.772,2.291,2.717,2.693,2.23,2.92,2.872,2.997,2.376,2.323,1.915,2.748,3.24,2.539,2.323,2.511,1.787,3.109,2.873,2.724,2.708,1.49,1.482,3.181,1.812,2.749,1.539,2.195,2.811,2.63,2.225,2.056,2.226,2.588,2.216,2.523,2.773,2.993,3.065,2.465,2.501,2.675,2.622,1.785,2.729,2.669,2.421,1.72,2.236,2.81,3.296,2.929,2.181,2.859,2.752,1.902,2.458,2.01,2.645,2.173,2.387,2.357,1.937,1.75,3.188,2.124,2.519,3.557,2.035,2.141,2.288,3.113,2.868,2.506
09/01/2015,2.865,2.703,2.586,2.9,2.706,2.871,3.001,2.341,3.076,2.543,2.177,2.758,2.77,2.529,2.236,2.166,2.881,2.147,2.55,2.716,2.434,2.855,3.443,2.922,2.672,3.019,3.139,2.099,2.849,2.832,3.17,2.738,2.897,2.734,2.531,2.581,3.022,3.22,2.9,3.44,2.367,2.429,2.89,3.029,2.6,3.102,3.13,3.037,2.305,3.468,2.248,2.517,2.256,2.489,2.914,2.738,3.055,3.363,2.326,2.218,2.294,2.452,2.865,2.536,2.732,2.857,2.615,2.662,2.223,2.279,3.029,2.285,2.093,3.007,2.442,2.558,3.052,2.622,2.448,2.596,2.772,2.289,3.137,2.856,3.134,2.474,2.725,2.223,2.003,2.715,2.858,2.491,2.392,2.981,2.05,2.781,2.213,2.57,2.683,2.944
10/01/2015,3.132,2.596,2.558,3.127,2.658,3.06,3.02,2.611,3.255,2.686,2.46,2.946,3.046,2.552,2.238,2.372,2.611,2.41,2.491,3.256,2.728,2.534,3.022,2.857,2.981,3.046,2.944,2.873,3.178,3.242,3.068,3.097,2.926,2.452,2.522,2.426,2.841,3.257,2.969,3.622,2.63,2.682,3.164,2.337,2.868,3.131,3.144,3.182,3.093,3.594,2.826,2.132,2.437,2.508,2.495,2.656,3.385,3.962,2.477,2.35,2.708,2.559,2.583,2.615,2.839,3.424,2.778,2.661,2.37,2.543,2.546,2.169,1.943,3.211,2.509,2.524,2.771,2.763,2.838,2.191,2.537,2.039,2.794,2.524,3.398,2.77,2.533,3.011,2.274,3.05,2.376,2.636,2.386,2.826,2.145,2.738,1.901,2.921,3.275,3.013
11/01/2015,2.576,2.086,2.136,2.827,2.21,2.649,2.395,2.29,3.508,2.38,2.315,2.26,2.547,2.321,1.978,1.939,2.147,1.961,2.515,2.349,2.826,2.262,2.265,1.429,2.359,2.622,2.169,2.202,2.225,2.55,2.417,2.607,2.691,2.049,2.642,2.62,2.285,2.311,2.543,2.82,2.695,1.712,2.43,1.758,2.091,2.671,2.172,2.82,2.328,3.388,2.606,2.115,2.499,2.258,1.76,1.634,2.768,2.595,1.934,2.207,3.253,2.169,2.523,1.896,2.14,3.126,3.033,2.59,2.302,1.965,1.901,2.389,2.274,2.495,2.107,2.173,2.092,2.296,3.026,1.469,2.302,1.798,2.195,2.229,2.986,2.509,1.93,2.127,2.41,2.555,1.969,2.52,2.228,2.832,2.047,1.922,2.074,1.955,2.668,2.363
12/01/2015,1.876,1.791,1.864,2.581,1.99,2.274,2.096,1.673,2.805,1.603,2.275,1.872,2.03,1.997,2.186,2.16,1.741,2.321,2.697,1.529,2.696,1.862,2.251,1.946,1.801,1.414,1.402,1.812,2.024,1.796,1.854,1.999,2.265,2.427,2.32,2.134,1.872,1.68,2.437,2.277,2.971,1.51,1.704,1.369,1.517,2.251,1.624,1.752,1.482,2.305,2.646,1.864,2.094,2.244,1.727,1.439,2.41,1.342,1.65,2.472,3.025,1.534,2.279,2.031,2.503,3.304,3.249,2.141,2.223,1.245,1.803,2.885,2.056,1.999,1.737,2.216,2.112,2.211,2.149,1.29,2.494,1.369,1.778,1.544,2.666,2.137,1.466,1.605,2.616,2.069,2.334,1.687,2.462,2.958,2.862,1.666,2.578,1.937,2.158,2.094
01/01/2016,2.479,2.202,2.41,2.747,2.233,2.574,2.479,2.069,3.688,1.715,2.356,2.605,2.209,2.001,2.275,2.811,2.592,2.799,2.937,2.034,2.892,2.372,2.188,2.707,2.361,2.351,1.929,1.824,2.501,3.022,2.61,2.399,2.82,2.317,2.54,2.349,3.725,2.679,3.166,2.864,2.935,2.094,2.042,1.769,2.247,2.87,2.642,2.124,2.538,3.951,2.649,3.233,3.745,2.788,2.658,1.866,2.62,2.575,1.868,2.895,2.441,2.536,2.625,2.254,2.794,3.07,3.337,2.58,3.332,1.507,2.627,2.768,2.412,2.54,2.233,2.376,2.739,3.16,2.091,2.128,2.701,1.921,2.655,2.224,3.558,2.311,2.046,2.507,2.422,2.121,2.792,2.076,2.62,3.129,2.725,2.172,2.117,3.989,2.348,2.386
